PanGemGeneID,MSK51,MSK2390
CPAR2_700010,1,1
CPAR2_700020,1,1
CPAR2_700030,1,1
CPAR2_700040,1,1
CPAR2_700050,1,1
CPAR2_700060,1,1
CPAR2_700070,1,1
CPAR2_700080,1,1
CPAR2_700090,1,1
CPAR2_700100,1,1
CPAR2_700110,1,1
CPAR2_700120,1,1
CPAR2_700130,1,1
CPAR2_700140,1,1
CPAR2_700150,1,1
CPAR2_700160,1,1
CPAR2_700170,1,1
CPAR2_700180,1,1
CPAR2_700190,1,1
CPAR2_700200,1,1
CPAR2_700210,1,1
CPAR2_700220,1,1
CPAR2_700230,1,1
CPAR2_700240,1,1
CPAR2_700250,1,1
CPAR2_700260,1,1
CPAR2_700270,1,1
CPAR2_700280,1,1
CPAR2_700290,1,1
CPAR2_700300,1,1
CPAR2_700310,1,1
CPAR2_700320,1,1
CPAR2_700330,1,1
CPAR2_700340,1,1
CPAR2_700350,1,1
CPAR2_700360,1,1
CPAR2_700370,1,1
CPAR2_700380,0,0
CPAR2_700390,1,1
CPAR2_700400,1,1
CPAR2_700410,1,1
CPAR2_700420,1,1
CPAR2_700430,1,1
CPAR2_700440,1,1
CPAR2_700450,1,1
CPAR2_700460,1,1
CPAR2_700470,1,1
CPAR2_700480,1,1
CPAR2_700490,1,1
CPAR2_700500,1,1
CPAR2_700510,1,1
CPAR2_700520,1,1
CPAR2_700530,1,1
CPAR2_700540,1,1
CPAR2_700550,1,1
CPAR2_700560,1,1
CPAR2_700570,1,1
CPAR2_700580,1,1
CPAR2_700590,1,1
CPAR2_700600,1,1
CPAR2_700610,1,1
CPAR2_700620,1,1
CPAR2_700630,1,1
CPAR2_700640,1,1
CPAR2_700650,1,1
CPAR2_700660,1,1
CPAR2_700670,1,1
CPAR2_700680,1,1
CPAR2_700690,1,1
CPAR2_700700,1,1
CPAR2_700710,1,1
CPAR2_700720,1,1
CPAR2_700730,1,1
CPAR2_700740,1,1
CPAR2_700750,1,1
CPAR2_700760,1,1
CPAR2_700770,1,1
CPAR2_700780,1,1
CPAR2_700790,1,1
CPAR2_700800,1,1
CPAR2_700810,1,1
CPAR2_700820,1,1
CPAR2_700830,1,1
CPAR2_700840,1,1
CPAR2_700850,1,1
CPAR2_700860,1,1
CPAR2_700870,1,1
CPAR2_700880,1,1
CPAR2_700890,1,1
CPAR2_700900,1,1
CPAR2_700910,1,1
CPAR2_700920,1,1
CPAR2_700930,1,1
CPAR2_700940,1,1
CPAR2_700950,1,1
CPAR2_700960,1,1
CPAR2_700970,1,1
CPAR2_700980,1,1
CPAR2_700990,1,1
CPAR2_701000,1,1
CPAR2_701010,1,1
CPAR2_701020,1,1
CPAR2_701030,1,1
CPAR2_701040,1,1
CPAR2_701050,1,1
CPAR2_701060,1,1
CPAR2_701070,1,1
CPAR2_701080,1,1
CPAR2_701090,1,1
CPAR2_701100,1,1
CPAR2_701110,1,1
CPAR2_701120,1,1
CPAR2_701130,1,1
CPAR2_701140,1,1
CPAR2_701150,1,1
CPAR2_701160,1,1
CPAR2_701170,1,1
CPAR2_701180,1,1
CPAR2_701190,1,1
CPAR2_701200,1,1
CPAR2_701210,1,1
CPAR2_701220,1,1
CPAR2_701230,1,1
CPAR2_701240,1,1
CPAR2_701250,1,1
CPAR2_701260,1,1
CPAR2_701270,1,1
CPAR2_701280,1,1
CPAR2_701290,1,1
CPAR2_701300,1,1
CPAR2_701310,1,1
CPAR2_701320,1,1
CPAR2_701330,1,1
CPAR2_701340,1,1
CPAR2_701350,1,1
CPAR2_701360,1,1
CPAR2_701370,1,1
CPAR2_701380,1,1
CPAR2_701390,1,1
CPAR2_701400,1,1
CPAR2_701410,1,1
CPAR2_701420,1,1
CPAR2_701430,1,1
CPAR2_701440,1,1
CPAR2_701460,1,1
CPAR2_701470,1,1
CPAR2_701480,1,1
CPAR2_701490,1,1
CPAR2_701500,1,1
CPAR2_701510,1,1
CPAR2_701520,1,1
CPAR2_701530,1,1
CPAR2_701590,1,1
CPAR2_701620,1,1
CPAR2_701630,1,1
CPAR2_701640,1,1
CPAR2_701650,1,1
CPAR2_701660,1,1
CPAR2_701670,1,1
CPAR2_701680,1,1
CPAR2_701690,1,1
CPAR2_701700,1,1
CPAR2_701710,1,1
CPAR2_701720,1,1
CPAR2_701730,1,1
CPAR2_701740,1,1
CPAR2_701750,1,1
CPAR2_701760,1,1
CPAR2_701770,1,1
CPAR2_701780,1,1
CPAR2_701790,1,1
CPAR2_701800,1,1
CPAR2_701810,1,1
CPAR2_701820,1,1
CPAR2_701830,1,1
CPAR2_701840,1,1
CPAR2_701850,1,1
CPAR2_701860,1,1
CPAR2_701870,1,1
CPAR2_701880,1,1
CPAR2_701890,1,1
CPAR2_701900,1,1
CPAR2_701910,1,1
CPAR2_701920,1,1
CPAR2_701930,1,1
CPAR2_701940,1,1
CPAR2_701950,1,1
CPAR2_701960,1,1
CPAR2_701970,1,1
CPAR2_701980,1,1
CPAR2_701990,1,1
CPAR2_702000,1,1
CPAR2_702010,0,0
CPAR2_702020,1,1
CPAR2_702030,1,1
CPAR2_702040,1,1
CPAR2_702050,1,1
CPAR2_702060,1,1
CPAR2_702070,1,1
CPAR2_702080,1,1
CPAR2_702090,1,1
CPAR2_702100,1,1
CPAR2_702110,1,1
CPAR2_702120,1,1
CPAR2_702130,1,1
CPAR2_702140,1,1
CPAR2_702150,1,1
CPAR2_702160,1,1
CPAR2_702170,1,1
CPAR2_702180,0,0
CPAR2_702190,1,1
CPAR2_702200,1,1
CPAR2_702210,1,1
CPAR2_702220,1,1
CPAR2_702230,1,1
CPAR2_702240,1,1
CPAR2_702250,1,1
CPAR2_702260,1,1
CPAR2_702280,1,1
CPAR2_702290,1,1
CPAR2_702300,1,1
CPAR2_702310,1,1
CPAR2_702320,1,1
CPAR2_702330,1,1
CPAR2_702340,1,1
CPAR2_702350,1,1
CPAR2_702360,1,1
CPAR2_702370,1,1
CPAR2_702380,1,1
CPAR2_702390,1,1
CPAR2_702400,1,1
CPAR2_702410,1,1
CPAR2_702420,1,1
CPAR2_702430,1,1
CPAR2_702440,1,1
CPAR2_702450,1,1
CPAR2_702460,1,1
CPAR2_702470,0,0
CPAR2_702480,1,1
CPAR2_702490,1,1
CPAR2_702500,1,1
CPAR2_702510,1,1
CPAR2_702520,0,0
CPAR2_702530,1,1
CPAR2_702540,0,0
CPAR2_702550,1,1
CPAR2_702560,1,1
CPAR2_702570,1,1
CPAR2_702580,1,1
CPAR2_702590,1,1
CPAR2_702600,1,1
CPAR2_702610,1,1
CPAR2_702620,1,1
CPAR2_702630,1,1
CPAR2_702640,1,1
CPAR2_702650,0,0
CPAR2_702670,1,1
CPAR2_702680,1,1
CPAR2_702690,1,1
CPAR2_702700,1,1
CPAR2_702710,1,1
CPAR2_702720,1,1
CPAR2_702730,1,1
CPAR2_702740,1,1
CPAR2_702750,1,1
CPAR2_702760,1,1
CPAR2_702770,1,1
CPAR2_702780,1,1
CPAR2_702790,1,1
CPAR2_702800,1,1
CPAR2_702810,1,1
CPAR2_702820,1,1
CPAR2_702830,1,1
CPAR2_702840,1,1
CPAR2_702850,1,1
CPAR2_702860,1,1
CPAR2_702870,1,1
CPAR2_702880,1,1
CPAR2_702890,1,1
CPAR2_702900,1,1
CPAR2_702910,1,1
CPAR2_702920,1,1
CPAR2_702930,1,1
CPAR2_702940,1,1
CPAR2_702950,1,0
CPAR2_702960,0,0
CPAR2_702970,1,1
CPAR2_702980,1,1
CPAR2_702990,1,1
CPAR2_703000,1,1
CPAR2_703010,1,1
CPAR2_703020,1,1
CPAR2_703030,1,1
CPAR2_703040,1,1
CPAR2_703050,1,1
CPAR2_703060,1,1
CPAR2_703070,1,1
CPAR2_703080,1,1
CPAR2_703090,1,1
CPAR2_703100,1,1
CPAR2_703110,1,1
CPAR2_703120,1,1
CPAR2_703130,1,1
CPAR2_703140,1,1
CPAR2_703150,1,1
CPAR2_703160,1,1
CPAR2_703170,1,1
CPAR2_703180,1,1
CPAR2_703190,1,1
CPAR2_703200,1,1
CPAR2_703210,1,1
CPAR2_703220,1,1
CPAR2_703230,1,1
CPAR2_703240,1,1
CPAR2_703250,1,1
CPAR2_703260,1,1
CPAR2_703270,1,1
CPAR2_703280,1,1
CPAR2_703290,1,1
CPAR2_703300,1,1
CPAR2_703310,1,1
CPAR2_703320,1,1
CPAR2_703330,1,1
CPAR2_703340,1,1
CPAR2_703350,1,1
CPAR2_703360,1,1
CPAR2_703370,0,0
CPAR2_703380,1,1
CPAR2_703390,1,1
CPAR2_703400,1,1
CPAR2_703410,1,1
CPAR2_703420,1,1
CPAR2_703430,1,1
CPAR2_703440,1,1
CPAR2_703450,1,1
CPAR2_703460,1,1
CPAR2_703470,1,1
CPAR2_703480,1,1
CPAR2_703490,1,1
CPAR2_703500,1,1
CPAR2_703510,1,1
CPAR2_703520,1,1
CPAR2_703530,1,1
CPAR2_703540,1,1
CPAR2_703550,1,1
CPAR2_703560,1,1
CPAR2_703570,1,1
CPAR2_703580,1,1
CPAR2_703590,1,1
CPAR2_703600,1,1
CPAR2_703610,1,1
CPAR2_703620,1,1
CPAR2_703630,1,1
CPAR2_703640,1,1
CPAR2_703650,1,1
CPAR2_703660,1,1
CPAR2_703670,1,1
CPAR2_703680,1,1
CPAR2_703690,1,1
CPAR2_703700,1,1
CPAR2_703710,1,1
CPAR2_703720,1,1
CPAR2_703730,0,0
CPAR2_703740,1,1
CPAR2_703750,1,1
CPAR2_703760,1,1
CPAR2_703770,1,1
CPAR2_703780,1,1
CPAR2_703790,1,1
CPAR2_703800,1,1
CPAR2_703810,1,1
CPAR2_703820,1,1
CPAR2_703830,1,1
CPAR2_703840,1,1
CPAR2_703850,1,1
CPAR2_703860,1,1
CPAR2_703870,1,1
CPAR2_703880,1,1
CPAR2_703890,1,1
CPAR2_703900,1,1
CPAR2_703910,1,1
CPAR2_703920,1,1
CPAR2_703930,1,1
CPAR2_703940,1,1
CPAR2_703950,0,0
CPAR2_703960,1,1
CPAR2_703970,1,1
CPAR2_703980,1,1
CPAR2_704000,1,1
CPAR2_704010,1,1
CPAR2_704020,1,1
CPAR2_704030,1,1
CPAR2_704040,1,1
CPAR2_704050,1,1
CPAR2_704060,1,1
CPAR2_704070,1,1
CPAR2_704080,1,1
CPAR2_704090,1,1
CPAR2_704100,1,1
CPAR2_704110,1,1
CPAR2_704120,1,1
CPAR2_704130,1,1
CPAR2_704140,1,1
CPAR2_704150,1,1
CPAR2_704160,1,1
CPAR2_704170,1,1
CPAR2_704180,1,1
CPAR2_704190,1,1
CPAR2_704200,1,1
CPAR2_704210,1,1
CPAR2_704220,1,1
CPAR2_704230,1,1
CPAR2_704240,1,1
CPAR2_704250,1,1
CPAR2_704260,1,1
CPAR2_704270,1,1
CPAR2_704280,1,1
CPAR2_704290,1,1
CPAR2_704300,1,1
CPAR2_704310,1,1
CPAR2_704320,0,0
CPAR2_704330,1,1
CPAR2_704340,1,1
CPAR2_704350,1,1
CPAR2_704360,1,1
CPAR2_704370,1,1
CPAR2_400010,1,1
CPAR2_400020,1,1
CPAR2_400030,1,1
CPAR2_400040,1,1
CPAR2_400050,1,1
CPAR2_400060,1,1
CPAR2_400070,1,1
CPAR2_400080,1,1
CPAR2_400090,1,1
CPAR2_400095,1,1
CPAR2_400100,1,1
CPAR2_400110,1,1
CPAR2_400120,1,1
CPAR2_400130,1,1
CPAR2_400140,1,1
CPAR2_400150,1,1
CPAR2_400160,1,1
CPAR2_400170,1,1
CPAR2_400180,1,1
CPAR2_400190,1,1
CPAR2_400200,1,1
CPAR2_400210,1,1
CPAR2_400220,1,1
CPAR2_400230,1,1
CPAR2_400240,1,1
CPAR2_400250,1,1
CPAR2_400260,1,1
CPAR2_400270,1,1
CPAR2_400280,1,1
CPAR2_400290,1,1
CPAR2_400300,1,1
CPAR2_400310,1,1
CPAR2_400320,1,1
CPAR2_400330,0,0
CPAR2_400340,1,1
CPAR2_400350,1,1
CPAR2_400360,1,1
CPAR2_400380,1,1
CPAR2_400390,1,1
CPAR2_400400,1,1
CPAR2_400410,1,1
CPAR2_400420,1,1
CPAR2_400430,1,1
CPAR2_400440,1,1
CPAR2_400450,1,1
CPAR2_400460,1,1
CPAR2_400470,1,1
CPAR2_400480,1,1
CPAR2_400490,1,1
CPAR2_400500,1,1
CPAR2_400510,1,1
CPAR2_400520,1,1
CPAR2_400530,1,1
CPAR2_400540,1,1
CPAR2_400550,1,1
CPAR2_400560,1,1
CPAR2_400570,1,1
CPAR2_400580,1,1
CPAR2_400590,1,1
CPAR2_400600,1,1
CPAR2_400610,1,1
CPAR2_400620,1,1
CPAR2_400630,1,1
CPAR2_400640,1,1
CPAR2_400650,1,1
CPAR2_400660,1,1
CPAR2_400670,1,1
CPAR2_400680,1,1
CPAR2_400690,1,1
CPAR2_400700,1,1
CPAR2_400710,1,1
CPAR2_400720,1,1
CPAR2_400730,1,1
CPAR2_400740,1,1
CPAR2_400750,1,1
CPAR2_400760,1,1
CPAR2_400770,1,1
CPAR2_400790,1,1
CPAR2_400800,1,1
CPAR2_400810,1,1
CPAR2_400820,1,1
CPAR2_400830,1,1
CPAR2_400840,1,1
CPAR2_400850,1,1
CPAR2_400860,0,0
CPAR2_400870,1,1
CPAR2_400880,1,1
CPAR2_400890,1,1
CPAR2_400900,1,1
CPAR2_400910,1,1
CPAR2_400920,1,1
CPAR2_400930,1,1
CPAR2_400940,1,1
CPAR2_400950,1,1
CPAR2_400960,1,1
CPAR2_400970,1,1
CPAR2_400980,1,1
CPAR2_400990,1,1
CPAR2_401000,1,1
CPAR2_401010,1,1
CPAR2_401020,1,1
CPAR2_401030,1,1
CPAR2_401040,1,1
CPAR2_401050,1,1
CPAR2_401060,1,1
CPAR2_401070,1,1
CPAR2_401080,1,1
CPAR2_401090,1,1
CPAR2_401100,1,1
CPAR2_401110,0,0
CPAR2_401120,1,1
CPAR2_401130,1,1
CPAR2_401140,1,1
CPAR2_401150,1,1
CPAR2_401160,1,1
CPAR2_401170,1,1
CPAR2_401180,1,1
CPAR2_401190,1,1
CPAR2_401200,1,1
CPAR2_401210,1,1
CPAR2_401220,1,1
CPAR2_401230,1,1
CPAR2_401240,1,1
CPAR2_401250,1,1
CPAR2_401260,1,1
CPAR2_401270,1,1
CPAR2_401280,1,1
CPAR2_401290,1,1
CPAR2_401300,1,1
CPAR2_401310,1,1
CPAR2_401320,1,1
CPAR2_401330,1,1
CPAR2_401340,1,1
CPAR2_401350,1,1
CPAR2_401360,0,1
CPAR2_401370,1,1
CPAR2_401380,1,1
CPAR2_401390,1,1
CPAR2_401400,1,1
CPAR2_401410,1,1
CPAR2_401420,1,1
CPAR2_401430,1,1
CPAR2_401440,1,1
CPAR2_401450,1,1
CPAR2_401460,1,1
CPAR2_401470,1,1
CPAR2_401480,1,1
CPAR2_401490,1,1
CPAR2_401500,1,1
CPAR2_401510,1,1
CPAR2_401520,1,1
CPAR2_401530,1,1
CPAR2_401540,1,1
CPAR2_401550,1,1
CPAR2_401560,1,1
CPAR2_401570,1,1
CPAR2_401580,1,1
CPAR2_401590,1,1
CPAR2_401600,1,1
CPAR2_401610,1,1
CPAR2_401620,1,1
CPAR2_401630,1,1
CPAR2_401640,1,1
CPAR2_401650,1,1
CPAR2_401660,1,1
CPAR2_401670,1,1
CPAR2_401680,1,1
CPAR2_401690,1,1
CPAR2_401700,1,1
CPAR2_401710,1,1
CPAR2_401720,1,1
CPAR2_401730,1,1
CPAR2_401740,1,1
CPAR2_401750,1,1
CPAR2_401760,1,1
CPAR2_401770,1,1
CPAR2_401780,1,1
CPAR2_401790,1,1
CPAR2_401800,1,1
CPAR2_401810,1,1
CPAR2_401820,1,1
CPAR2_401830,1,1
CPAR2_401840,0,0
CPAR2_401850,1,1
CPAR2_401860,1,1
CPAR2_401870,1,1
CPAR2_401880,1,1
CPAR2_401885,0,1
CPAR2_401890,1,1
CPAR2_401900,1,1
CPAR2_401910,1,1
CPAR2_401920,1,1
CPAR2_401930,1,1
CPAR2_401940,1,1
CPAR2_401950,1,1
CPAR2_401960,1,1
CPAR2_401970,1,1
CPAR2_401980,1,1
CPAR2_401990,1,1
CPAR2_402000,1,1
CPAR2_402010,1,1
CPAR2_402020,0,0
CPAR2_402030,1,1
CPAR2_402040,1,1
CPAR2_402050,1,1
CPAR2_402060,1,1
CPAR2_402070,1,1
CPAR2_402080,1,1
CPAR2_402090,1,1
CPAR2_402100,1,1
CPAR2_402110,1,1
CPAR2_402120,1,1
CPAR2_402130,1,1
CPAR2_402140,1,1
CPAR2_402150,1,1
CPAR2_402160,1,1
CPAR2_402170,1,1
CPAR2_402180,1,1
CPAR2_402190,1,1
CPAR2_402200,1,1
CPAR2_402210,1,1
CPAR2_402220,1,1
CPAR2_402230,1,1
CPAR2_402240,1,1
CPAR2_402250,1,1
CPAR2_402260,1,1
CPAR2_402270,1,1
CPAR2_402280,1,1
CPAR2_402290,1,1
CPAR2_402300,1,1
CPAR2_402310,1,1
CPAR2_402320,1,1
CPAR2_402330,1,1
CPAR2_402340,1,1
CPAR2_402350,1,1
CPAR2_402360,1,1
CPAR2_402370,1,1
CPAR2_402380,1,1
CPAR2_402390,1,1
CPAR2_402400,1,1
CPAR2_402410,1,1
CPAR2_402420,1,1
CPAR2_402430,1,1
CPAR2_402440,1,1
CPAR2_402450,1,1
CPAR2_402460,1,1
CPAR2_402470,1,1
CPAR2_402480,1,1
CPAR2_402490,0,0
CPAR2_402500,1,1
CPAR2_402510,1,1
CPAR2_402520,1,1
CPAR2_402530,1,1
CPAR2_402540,1,1
CPAR2_402550,1,1
CPAR2_402560,1,1
CPAR2_402570,1,1
CPAR2_402580,1,1
CPAR2_402590,0,0
CPAR2_402600,1,1
CPAR2_402610,1,1
CPAR2_402620,1,1
CPAR2_402630,1,1
CPAR2_402640,1,1
CPAR2_402650,1,1
CPAR2_402660,1,1
CPAR2_402670,1,1
CPAR2_402690,1,1
CPAR2_402700,1,1
CPAR2_402710,1,1
CPAR2_402720,1,1
CPAR2_402730,1,1
CPAR2_402740,1,1
CPAR2_402750,1,1
CPAR2_402760,1,1
CPAR2_402770,1,1
CPAR2_402780,1,1
CPAR2_402790,1,1
CPAR2_402800,1,1
CPAR2_402810,1,1
CPAR2_402820,1,1
CPAR2_402830,1,1
CPAR2_402840,1,1
CPAR2_402850,1,1
CPAR2_402860,1,1
CPAR2_402870,1,1
CPAR2_402880,1,1
CPAR2_402890,1,1
CPAR2_402900,1,1
CPAR2_402910,1,1
CPAR2_402920,1,1
CPAR2_402930,1,1
CPAR2_402940,1,1
CPAR2_402950,1,1
CPAR2_402960,1,1
CPAR2_402970,1,1
CPAR2_402980,1,1
CPAR2_402990,1,1
CPAR2_403000,1,1
CPAR2_403010,1,1
CPAR2_403020,1,1
CPAR2_403030,1,1
CPAR2_403040,1,1
CPAR2_403050,0,0
CPAR2_403060,1,1
CPAR2_403070,1,1
CPAR2_403080,1,1
CPAR2_403090,1,1
CPAR2_403100,1,1
CPAR2_403110,1,1
CPAR2_403120,1,1
CPAR2_403130,1,1
CPAR2_403140,1,1
CPAR2_403150,1,1
CPAR2_403160,1,1
CPAR2_403170,1,1
CPAR2_403180,0,0
CPAR2_403190,0,0
CPAR2_403200,1,1
CPAR2_403210,1,1
CPAR2_403220,1,1
CPAR2_403240,1,1
CPAR2_403250,1,1
CPAR2_403260,1,0
CPAR2_403270,1,1
CPAR2_403280,1,1
CPAR2_403290,1,1
CPAR2_403300,1,1
CPAR2_403310,1,1
CPAR2_403320,1,1
CPAR2_403330,1,1
CPAR2_403340,1,1
CPAR2_403350,1,1
CPAR2_403360,1,1
CPAR2_403370,1,1
CPAR2_403380,1,1
CPAR2_403390,1,1
CPAR2_403400,1,1
CPAR2_403410,1,1
CPAR2_403420,0,0
CPAR2_403430,1,1
CPAR2_403440,1,1
CPAR2_403450,1,1
CPAR2_403460,1,1
CPAR2_403470,1,1
CPAR2_403480,1,1
CPAR2_403490,1,1
CPAR2_403500,1,1
CPAR2_403510,0,0
CPAR2_403520,0,0
CPAR2_403530,1,1
CPAR2_403540,1,1
CPAR2_403550,1,1
CPAR2_403560,1,1
CPAR2_403570,1,1
CPAR2_403580,1,1
CPAR2_403590,0,0
CPAR2_403600,1,1
CPAR2_403610,1,1
CPAR2_403620,0,0
CPAR2_403630,1,1
CPAR2_403640,1,1
CPAR2_403650,1,1
CPAR2_403660,1,1
CPAR2_403670,1,1
CPAR2_403680,1,1
CPAR2_403690,1,1
CPAR2_403700,1,1
CPAR2_403710,1,1
CPAR2_403720,1,1
CPAR2_403730,1,1
CPAR2_403740,1,1
CPAR2_403750,1,1
CPAR2_403760,1,1
CPAR2_403770,1,1
CPAR2_403780,1,1
CPAR2_403790,1,1
CPAR2_403800,1,1
CPAR2_403810,1,1
CPAR2_403820,1,1
CPAR2_403830,1,1
CPAR2_403840,1,1
CPAR2_403850,1,1
CPAR2_403860,1,1
CPAR2_403870,1,1
CPAR2_403880,1,1
CPAR2_403890,1,1
CPAR2_403900,1,1
CPAR2_403910,1,1
CPAR2_403920,1,1
CPAR2_403930,1,1
CPAR2_403940,1,1
CPAR2_403950,1,1
CPAR2_403960,1,1
CPAR2_403970,1,1
CPAR2_403980,1,1
CPAR2_403990,1,1
CPAR2_404000,1,1
CPAR2_404010,1,1
CPAR2_404020,1,1
CPAR2_404030,1,1
CPAR2_404040,1,1
CPAR2_404050,1,1
CPAR2_404060,1,1
CPAR2_404070,1,1
CPAR2_404080,1,1
CPAR2_404090,1,1
CPAR2_404100,1,1
CPAR2_404110,0,0
CPAR2_404120,0,0
CPAR2_404130,1,1
CPAR2_404140,1,1
CPAR2_404160,1,1
CPAR2_404170,1,1
CPAR2_404180,1,1
CPAR2_404190,1,1
CPAR2_404200,1,1
CPAR2_404210,1,1
CPAR2_404220,1,1
CPAR2_404230,1,1
CPAR2_404240,1,1
CPAR2_404250,1,1
CPAR2_404260,1,1
CPAR2_404270,1,1
CPAR2_404280,1,1
CPAR2_404290,1,1
CPAR2_404300,1,1
CPAR2_404310,1,1
CPAR2_404320,1,1
CPAR2_404330,1,1
CPAR2_404340,1,1
CPAR2_404350,0,0
CPAR2_404360,1,1
CPAR2_404370,1,1
CPAR2_404380,1,1
CPAR2_404390,1,1
CPAR2_404400,1,1
CPAR2_404410,1,1
CPAR2_404420,1,1
CPAR2_404430,1,1
CPAR2_404440,1,1
CPAR2_404450,1,1
CPAR2_404460,1,1
CPAR2_404470,1,1
CPAR2_404480,1,1
CPAR2_404490,1,1
CPAR2_404500,1,1
CPAR2_404510,1,1
CPAR2_404520,1,1
CPAR2_404530,1,1
CPAR2_404540,1,1
CPAR2_404550,1,1
CPAR2_404560,1,1
CPAR2_404570,1,1
CPAR2_404580,1,1
CPAR2_404590,1,1
CPAR2_404600,1,1
CPAR2_404610,1,1
CPAR2_404620,1,1
CPAR2_404630,1,1
CPAR2_404640,1,1
CPAR2_404650,1,1
CPAR2_404660,1,1
CPAR2_404670,1,1
CPAR2_404680,1,1
CPAR2_404690,1,1
CPAR2_404700,1,1
CPAR2_404710,1,1
CPAR2_404720,1,1
CPAR2_404730,1,1
CPAR2_404740,1,1
CPAR2_404750,1,1
CPAR2_404760,1,1
CPAR2_404770,1,1
CPAR2_404780,0,0
CPAR2_404790,0,0
CPAR2_404800,0,0
CPAR2_404810,1,1
CPAR2_404820,1,1
CPAR2_404830,1,1
CPAR2_404840,1,1
CPAR2_404850,1,1
CPAR2_404860,1,1
CPAR2_404870,1,1
CPAR2_404880,1,1
CPAR2_404890,1,1
CPAR2_404900,1,1
CPAR2_404910,1,1
CPAR2_404920,1,1
CPAR2_404930,1,1
CPAR2_404940,1,1
CPAR2_404950,1,1
CPAR2_404960,1,1
CPAR2_404970,1,1
CPAR2_404980,1,0
CPAR2_404990,1,1
CPAR2_405000,1,1
CPAR2_405010,1,1
CPAR2_405020,1,1
CPAR2_405030,1,1
CPAR2_405040,1,1
CPAR2_405050,1,1
CPAR2_405060,0,0
CPAR2_405070,1,1
CPAR2_405080,1,1
CPAR2_405090,1,1
CPAR2_405100,1,1
CPAR2_405110,1,1
CPAR2_405120,1,1
CPAR2_405130,1,1
CPAR2_405140,1,1
CPAR2_405150,1,1
CPAR2_405160,1,1
CPAR2_405170,1,1
CPAR2_405180,1,1
CPAR2_405190,1,1
CPAR2_405200,1,1
CPAR2_405210,1,1
CPAR2_405220,1,1
CPAR2_405230,1,1
CPAR2_405240,1,1
CPAR2_405250,1,1
CPAR2_405260,1,1
CPAR2_405270,1,1
CPAR2_405280,1,1
CPAR2_405290,1,1
CPAR2_405300,1,1
CPAR2_405310,1,1
CPAR2_405320,1,1
CPAR2_405330,1,1
CPAR2_405340,1,1
CPAR2_405350,1,1
CPAR2_405360,1,1
CPAR2_405370,1,1
CPAR2_405380,1,1
CPAR2_405390,1,1
CPAR2_405400,1,1
CPAR2_405410,1,1
CPAR2_405420,1,1
CPAR2_405430,1,1
CPAR2_405440,1,1
CPAR2_405450,1,1
CPAR2_405460,1,1
CPAR2_405470,1,1
CPAR2_405480,1,1
CPAR2_405490,1,1
CPAR2_405500,1,1
CPAR2_405510,1,1
CPAR2_405520,1,1
CPAR2_405530,1,1
CPAR2_405540,1,1
CPAR2_405550,0,0
CPAR2_405560,1,1
CPAR2_405570,1,1
CPAR2_405580,1,1
CPAR2_405590,1,1
CPAR2_405600,1,1
CPAR2_405610,1,1
CPAR2_405620,1,1
CPAR2_405630,1,1
CPAR2_405640,1,1
CPAR2_405650,1,1
CPAR2_405660,1,1
CPAR2_405670,1,1
CPAR2_405680,1,1
CPAR2_405690,1,1
CPAR2_405695,0,0
CPAR2_405700,1,1
CPAR2_405710,1,1
CPAR2_405720,1,1
CPAR2_405730,1,1
CPAR2_405740,0,0
CPAR2_405750,1,1
CPAR2_405760,1,1
CPAR2_405770,1,1
CPAR2_405780,1,1
CPAR2_405790,1,1
CPAR2_405800,1,1
CPAR2_405810,1,1
CPAR2_405820,1,1
CPAR2_405830,1,1
CPAR2_405840,1,1
CPAR2_405850,1,1
CPAR2_405870,1,1
CPAR2_405880,1,1
CPAR2_405890,0,1
CPAR2_405900,1,1
CPAR2_405910,1,1
CPAR2_405920,1,1
CPAR2_405930,1,1
CPAR2_405940,1,1
CPAR2_405950,1,1
CPAR2_405960,1,1
CPAR2_405970,1,1
CPAR2_405980,1,1
CPAR2_405990,1,1
CPAR2_406000,1,1
CPAR2_406010,1,1
CPAR2_406020,1,1
CPAR2_406030,1,1
CPAR2_406040,1,1
CPAR2_406050,1,1
CPAR2_406060,1,1
CPAR2_406070,1,1
CPAR2_406080,1,1
CPAR2_406090,1,1
CPAR2_406100,1,1
CPAR2_406110,1,1
CPAR2_406120,1,1
CPAR2_406130,1,1
CPAR2_406140,1,1
CPAR2_406150,1,1
CPAR2_406160,1,1
CPAR2_406170,1,1
CPAR2_406180,1,1
CPAR2_406190,1,1
CPAR2_406200,1,1
CPAR2_406210,1,1
CPAR2_406220,1,1
CPAR2_406230,1,1
CPAR2_406240,1,1
CPAR2_406250,1,1
CPAR2_406260,1,1
CPAR2_406270,1,1
CPAR2_406280,1,1
CPAR2_406290,1,1
CPAR2_406300,1,1
CPAR2_406310,1,1
CPAR2_406320,1,1
CPAR2_406330,1,1
CPAR2_406340,1,1
CPAR2_406350,1,1
CPAR2_406360,1,1
CPAR2_406370,1,1
CPAR2_406380,1,1
CPAR2_406390,1,1
CPAR2_406400,1,1
CPAR2_406410,1,1
CPAR2_406420,1,1
CPAR2_406430,1,1
CPAR2_406440,1,1
CPAR2_406450,1,1
CPAR2_406460,1,1
CPAR2_406470,1,1
CPAR2_406480,1,1
CPAR2_406490,1,1
CPAR2_406500,1,1
CPAR2_406510,1,1
CPAR2_406520,1,1
CPAR2_406530,1,1
CPAR2_406540,1,1
CPAR2_406550,1,1
CPAR2_406560,1,1
CPAR2_406570,1,1
CPAR2_406580,1,1
CPAR2_406590,1,1
CPAR2_406600,1,1
CPAR2_406610,1,1
CPAR2_406620,1,1
CPAR2_406630,1,1
CPAR2_406640,1,1
CPAR2_406650,1,1
CPAR2_406660,1,1
CPAR2_406670,1,1
CPAR2_406680,1,1
CPAR2_406690,1,1
CPAR2_406700,1,1
CPAR2_406710,1,1
CPAR2_406720,1,1
CPAR2_406730,1,1
CPAR2_406740,1,1
CPAR2_406750,1,1
CPAR2_406760,1,1
CPAR2_406770,1,1
CPAR2_406780,1,1
CPAR2_406790,1,1
CPAR2_406800,1,1
CPAR2_406810,1,1
CPAR2_406820,1,1
CPAR2_406830,1,1
CPAR2_406840,1,1
CPAR2_406850,1,1
CPAR2_406860,0,1
CPAR2_406870,1,1
CPAR2_406880,1,1
CPAR2_406890,1,1
CPAR2_406900,1,1
CPAR2_406905,0,0
CPAR2_406910,1,1
CPAR2_406920,1,1
CPAR2_406930,1,1
CPAR2_406940,1,1
CPAR2_406950,1,1
CPAR2_406960,1,1
CPAR2_406970,1,1
CPAR2_406980,1,1
CPAR2_406990,1,1
CPAR2_407000,1,1
CPAR2_407010,0,1
CPAR2_407020,1,1
CPAR2_407030,1,1
CPAR2_407040,1,1
CPAR2_407050,1,1
CPAR2_407060,1,1
CPAR2_407070,1,1
CPAR2_407080,1,1
CPAR2_407090,1,1
CPAR2_407100,1,1
CPAR2_407110,1,1
CPAR2_407120,1,1
CPAR2_407130,1,1
CPAR2_407140,0,0
CPAR2_407150,1,1
CPAR2_407160,1,1
CPAR2_407170,1,1
CPAR2_407180,1,1
CPAR2_407190,1,1
CPAR2_407200,1,1
CPAR2_407210,1,1
CPAR2_407220,1,1
CPAR2_407230,1,1
CPAR2_407240,1,1
CPAR2_407250,1,1
CPAR2_407260,1,1
CPAR2_407270,1,1
CPAR2_407280,1,1
CPAR2_407290,1,1
CPAR2_407300,1,1
CPAR2_407310,1,1
CPAR2_407320,1,1
CPAR2_407330,1,1
CPAR2_407340,1,1
CPAR2_407350,1,1
CPAR2_407360,1,1
CPAR2_407370,1,1
CPAR2_407380,1,1
CPAR2_407390,1,1
CPAR2_407400,1,1
CPAR2_407410,1,1
CPAR2_407420,1,1
CPAR2_407430,1,1
CPAR2_407440,1,1
CPAR2_407450,1,1
CPAR2_407460,1,1
CPAR2_407470,1,1
CPAR2_407480,1,1
CPAR2_407490,1,1
CPAR2_407500,1,1
CPAR2_407520,1,1
CPAR2_407530,1,1
CPAR2_407540,1,1
CPAR2_407550,1,1
CPAR2_407560,1,1
CPAR2_407570,1,1
CPAR2_407590,0,0
CPAR2_407600,1,1
CPAR2_407610,1,1
CPAR2_407620,1,1
CPAR2_407630,1,1
CPAR2_407640,1,1
CPAR2_407650,1,1
CPAR2_407660,1,1
CPAR2_407670,1,1
CPAR2_407680,1,1
CPAR2_407690,1,1
CPAR2_407700,1,1
CPAR2_407710,1,1
CPAR2_407720,1,1
CPAR2_407730,1,1
CPAR2_407740,1,1
CPAR2_407750,1,1
CPAR2_407760,1,1
CPAR2_407770,1,1
CPAR2_407780,1,1
CPAR2_407790,1,1
CPAR2_407800,1,1
CPAR2_407810,1,1
CPAR2_407820,1,1
CPAR2_407830,1,1
CPAR2_407840,1,1
CPAR2_407850,1,1
CPAR2_407860,1,1
CPAR2_407870,0,0
CPAR2_407880,1,1
CPAR2_407890,1,1
CPAR2_407900,1,1
CPAR2_407910,1,1
CPAR2_407920,1,1
CPAR2_407930,1,1
CPAR2_407940,1,1
CPAR2_407950,1,1
CPAR2_407960,1,1
CPAR2_407970,1,1
CPAR2_407980,0,0
CPAR2_407990,1,1
CPAR2_500010,1,1
CPAR2_500020,1,1
CPAR2_500030,1,1
CPAR2_500040,1,1
CPAR2_500050,1,1
CPAR2_500060,1,1
CPAR2_500070,1,1
CPAR2_500080,1,1
CPAR2_500090,1,1
CPAR2_500100,1,1
CPAR2_500110,1,1
CPAR2_500120,1,1
CPAR2_500130,1,1
CPAR2_500140,1,1
CPAR2_500150,1,1
CPAR2_500160,1,1
CPAR2_500170,1,1
CPAR2_500180,1,1
CPAR2_500190,1,1
CPAR2_500200,1,1
CPAR2_500210,1,1
CPAR2_500220,1,1
CPAR2_500230,1,1
CPAR2_500240,1,1
CPAR2_500250,1,1
CPAR2_500260,1,1
CPAR2_500270,1,1
CPAR2_500280,1,1
CPAR2_500290,1,1
CPAR2_500300,1,1
CPAR2_500310,1,1
CPAR2_500320,1,1
CPAR2_500330,1,1
CPAR2_500340,1,1
CPAR2_500350,1,1
CPAR2_500360,1,1
CPAR2_500370,1,1
CPAR2_500380,1,1
CPAR2_500390,1,1
CPAR2_500400,1,1
CPAR2_500410,1,1
CPAR2_500420,1,1
CPAR2_500430,1,1
CPAR2_500440,1,1
CPAR2_500450,1,1
CPAR2_500460,1,1
CPAR2_500470,1,1
CPAR2_500480,1,1
CPAR2_500490,1,1
CPAR2_500500,1,1
CPAR2_500510,1,1
CPAR2_500520,1,1
CPAR2_500530,1,1
CPAR2_500540,1,1
CPAR2_500550,1,1
CPAR2_500560,1,1
CPAR2_500570,1,1
CPAR2_500580,1,1
CPAR2_500590,1,1
CPAR2_500600,1,1
CPAR2_500610,1,1
CPAR2_500620,1,1
CPAR2_500630,1,1
CPAR2_500640,1,1
CPAR2_500650,1,1
CPAR2_500660,0,0
CPAR2_500670,1,1
CPAR2_500680,1,1
CPAR2_500690,1,1
CPAR2_500700,1,1
CPAR2_500710,1,1
CPAR2_500720,1,1
CPAR2_500730,1,1
CPAR2_500740,1,1
CPAR2_500750,1,1
CPAR2_500760,1,1
CPAR2_500770,1,1
CPAR2_500780,1,1
CPAR2_500790,1,1
CPAR2_500800,1,1
CPAR2_500810,1,1
CPAR2_500820,0,0
CPAR2_500830,1,1
CPAR2_500840,0,0
CPAR2_500850,1,1
CPAR2_500860,1,1
CPAR2_500870,1,1
CPAR2_500880,1,1
CPAR2_500890,1,1
CPAR2_500900,1,1
CPAR2_500910,1,1
CPAR2_500920,1,1
CPAR2_500930,1,1
CPAR2_500940,1,1
CPAR2_500950,1,1
CPAR2_500960,1,1
CPAR2_500970,1,1
CPAR2_500980,1,1
CPAR2_500990,1,1
CPAR2_501000,1,1
CPAR2_501010,1,1
CPAR2_501020,1,1
CPAR2_501030,1,1
CPAR2_501040,1,1
CPAR2_501050,1,1
CPAR2_501060,1,1
CPAR2_501070,1,1
CPAR2_501080,1,1
CPAR2_501090,1,1
CPAR2_501100,1,1
CPAR2_501110,1,1
CPAR2_501120,1,1
CPAR2_501130,1,1
CPAR2_501140,1,1
CPAR2_501150,1,1
CPAR2_501160,1,1
CPAR2_501170,1,1
CPAR2_501180,1,1
CPAR2_501190,1,1
CPAR2_501200,1,1
CPAR2_501210,1,1
CPAR2_501220,1,1
CPAR2_501230,1,1
CPAR2_501240,1,1
CPAR2_501250,1,1
CPAR2_501260,1,1
CPAR2_501270,1,1
CPAR2_501280,1,1
CPAR2_501290,1,1
CPAR2_501300,1,1
CPAR2_501310,1,1
CPAR2_501320,1,1
CPAR2_501330,1,1
CPAR2_501340,1,1
CPAR2_501350,1,1
CPAR2_501370,1,0
CPAR2_501380,1,1
CPAR2_501390,1,1
CPAR2_501400,1,1
CPAR2_501410,1,1
CPAR2_501415,1,1
CPAR2_501420,1,1
CPAR2_501430,1,1
CPAR2_501440,1,1
CPAR2_501450,1,1
CPAR2_501460,1,1
CPAR2_501470,1,1
CPAR2_501480,1,1
CPAR2_501490,1,1
CPAR2_501500,1,1
CPAR2_501510,1,1
CPAR2_501520,1,1
CPAR2_501530,1,1
CPAR2_501540,1,1
CPAR2_501550,1,1
CPAR2_501560,1,1
CPAR2_501570,1,1
CPAR2_501580,1,1
CPAR2_501590,1,1
CPAR2_501600,1,1
CPAR2_501610,1,1
CPAR2_501620,1,1
CPAR2_501630,1,1
CPAR2_501640,1,1
CPAR2_501650,1,1
CPAR2_501660,1,1
CPAR2_501670,1,1
CPAR2_501680,1,1
CPAR2_501690,1,1
CPAR2_501700,1,1
CPAR2_501710,1,1
CPAR2_501720,1,1
CPAR2_501730,1,1
CPAR2_501740,1,1
CPAR2_501750,1,1
CPAR2_501760,1,1
CPAR2_501770,1,1
CPAR2_501780,1,1
CPAR2_501800,1,1
CPAR2_501810,1,1
CPAR2_501820,1,1
CPAR2_501830,1,1
CPAR2_501840,1,1
CPAR2_501845,1,1
CPAR2_501850,1,1
CPAR2_501860,1,1
CPAR2_501870,1,1
CPAR2_501880,1,1
CPAR2_501890,1,1
CPAR2_501900,1,1
CPAR2_501910,1,1
CPAR2_501920,1,1
CPAR2_501930,1,1
CPAR2_501940,1,1
CPAR2_501950,1,1
CPAR2_501960,1,1
CPAR2_501970,1,1
CPAR2_501980,1,1
CPAR2_501990,1,1
CPAR2_502000,1,1
CPAR2_502010,1,1
CPAR2_502020,1,1
CPAR2_502030,1,1
CPAR2_502040,1,1
CPAR2_502050,1,1
CPAR2_502060,1,1
CPAR2_502070,1,1
CPAR2_502080,1,1
CPAR2_502090,1,1
CPAR2_502100,1,1
CPAR2_502110,1,1
CPAR2_502120,1,0
CPAR2_502130,1,1
CPAR2_502140,1,1
CPAR2_502150,1,1
CPAR2_502160,1,1
CPAR2_502170,0,1
CPAR2_502180,1,1
CPAR2_502190,1,1
CPAR2_502200,1,1
CPAR2_502210,1,1
CPAR2_502220,1,1
CPAR2_502230,1,1
CPAR2_502240,1,1
CPAR2_502250,1,1
CPAR2_502260,1,1
CPAR2_502270,1,1
CPAR2_502280,1,1
CPAR2_502290,1,1
CPAR2_502300,1,1
CPAR2_502310,1,1
CPAR2_502320,1,1
CPAR2_502330,1,1
CPAR2_502340,1,1
CPAR2_502350,1,1
CPAR2_502360,1,1
CPAR2_502370,1,1
CPAR2_502380,1,1
CPAR2_502390,1,1
CPAR2_502400,1,1
CPAR2_502410,1,1
CPAR2_502420,1,1
CPAR2_502430,1,1
CPAR2_502440,1,1
CPAR2_502450,1,1
CPAR2_502460,1,1
CPAR2_502470,1,1
CPAR2_502480,1,1
CPAR2_502490,1,1
CPAR2_502500,1,1
CPAR2_502510,1,1
CPAR2_502520,1,1
CPAR2_502530,1,1
CPAR2_502540,1,1
CPAR2_502550,1,1
CPAR2_502560,1,1
CPAR2_502570,1,1
CPAR2_502580,1,1
CPAR2_502590,1,1
CPAR2_502600,0,0
CPAR2_502610,1,1
CPAR2_502620,1,1
CPAR2_502630,1,1
CPAR2_502640,1,1
CPAR2_502650,1,1
CPAR2_502660,1,1
CPAR2_502670,1,1
CPAR2_502680,1,1
CPAR2_502690,1,1
CPAR2_502700,1,1
CPAR2_502710,1,1
CPAR2_502720,1,1
CPAR2_502730,1,1
CPAR2_502740,1,1
CPAR2_502750,1,1
CPAR2_502760,1,1
CPAR2_502770,1,1
CPAR2_502780,0,0
CPAR2_502790,1,1
CPAR2_502800,1,1
CPAR2_502810,1,1
CPAR2_502820,1,1
CPAR2_502830,1,1
CPAR2_502840,1,1
CPAR2_502850,1,1
CPAR2_502860,1,1
CPAR2_502870,1,1
CPAR2_502880,0,1
CPAR2_502890,1,1
CPAR2_502900,1,1
CPAR2_502910,1,1
CPAR2_502920,1,1
CPAR2_502930,1,1
CPAR2_502940,1,1
CPAR2_502950,1,1
CPAR2_502960,1,1
CPAR2_502970,1,1
CPAR2_502980,1,1
CPAR2_502990,1,1
CPAR2_503000,1,1
CPAR2_503010,0,0
CPAR2_503020,1,1
CPAR2_503030,1,1
CPAR2_503040,1,1
CPAR2_503050,1,1
CPAR2_503070,1,1
CPAR2_503080,1,1
CPAR2_503090,1,1
CPAR2_503100,1,1
CPAR2_503110,1,1
CPAR2_503120,1,1
CPAR2_503130,1,1
CPAR2_503140,1,1
CPAR2_503150,1,1
CPAR2_503160,1,1
CPAR2_503170,1,1
CPAR2_503180,1,1
CPAR2_503190,1,1
CPAR2_503200,1,1
CPAR2_503210,1,1
CPAR2_503220,1,1
CPAR2_503230,1,1
CPAR2_503240,1,1
CPAR2_503250,1,1
CPAR2_503260,1,1
CPAR2_503270,1,1
CPAR2_503280,1,1
CPAR2_503290,1,1
CPAR2_503300,1,1
CPAR2_503310,1,1
CPAR2_503320,1,1
CPAR2_503330,1,1
CPAR2_503340,1,1
CPAR2_503350,1,1
CPAR2_503360,1,1
CPAR2_503370,1,1
CPAR2_503380,1,1
CPAR2_503390,1,1
CPAR2_503400,1,1
CPAR2_503410,1,1
CPAR2_503420,1,1
CPAR2_503430,1,1
CPAR2_503440,1,1
CPAR2_503450,1,1
CPAR2_503460,1,1
CPAR2_503470,1,1
CPAR2_503480,1,1
CPAR2_503490,1,1
CPAR2_503495,0,0
CPAR2_503500,1,1
CPAR2_503510,1,1
CPAR2_503520,1,1
CPAR2_503530,1,1
CPAR2_503540,1,1
CPAR2_503550,1,1
CPAR2_503560,1,1
CPAR2_503570,1,1
CPAR2_503580,1,1
CPAR2_503590,1,1
CPAR2_503600,1,1
CPAR2_503610,1,1
CPAR2_503620,1,1
CPAR2_503630,1,1
CPAR2_503640,0,0
CPAR2_503650,1,1
CPAR2_503660,1,1
CPAR2_503670,1,1
CPAR2_503680,1,1
CPAR2_503690,1,1
CPAR2_503700,1,1
CPAR2_503710,0,0
CPAR2_503720,1,1
CPAR2_503730,1,1
CPAR2_503740,1,1
CPAR2_503750,1,1
CPAR2_503760,1,1
CPAR2_503770,1,1
CPAR2_503780,1,1
CPAR2_503790,1,1
CPAR2_503800,1,1
CPAR2_503810,1,1
CPAR2_503820,1,1
CPAR2_503830,1,1
CPAR2_503840,1,1
CPAR2_503850,1,1
CPAR2_503860,1,1
CPAR2_503870,1,1
CPAR2_503880,1,1
CPAR2_503890,1,1
CPAR2_503900,1,1
CPAR2_503910,1,1
CPAR2_503920,1,1
CPAR2_503930,1,1
CPAR2_503940,1,1
CPAR2_503950,1,1
CPAR2_503960,1,1
CPAR2_503970,1,1
CPAR2_503980,1,1
CPAR2_503990,1,1
CPAR2_504000,1,1
CPAR2_504010,1,1
CPAR2_504020,1,1
CPAR2_504030,1,1
CPAR2_504040,1,1
CPAR2_504050,1,1
CPAR2_504060,1,1
CPAR2_504070,1,1
CPAR2_504080,1,1
CPAR2_504090,1,1
CPAR2_504100,0,0
CPAR2_504110,1,1
CPAR2_504120,1,1
CPAR2_504130,1,1
CPAR2_504140,1,1
CPAR2_504150,1,1
CPAR2_504160,1,1
CPAR2_504170,1,1
CPAR2_504180,1,1
CPAR2_504190,1,1
CPAR2_504200,1,1
CPAR2_504210,1,1
CPAR2_504220,1,1
CPAR2_200010,1,1
CPAR2_200020,1,1
CPAR2_200030,1,1
CPAR2_200040,1,1
CPAR2_200050,1,1
CPAR2_200060,1,1
CPAR2_200070,0,0
CPAR2_200080,0,0
CPAR2_200090,1,1
CPAR2_200100,1,1
CPAR2_200110,1,1
CPAR2_200120,1,1
CPAR2_200130,1,1
CPAR2_200140,1,1
CPAR2_200150,1,1
CPAR2_200160,1,1
CPAR2_200170,1,1
CPAR2_200180,0,1
CPAR2_200190,1,1
CPAR2_200200,0,0
CPAR2_200210,1,1
CPAR2_200220,1,1
CPAR2_200230,1,1
CPAR2_200240,1,1
CPAR2_200250,1,1
CPAR2_200260,1,1
CPAR2_200270,1,1
CPAR2_200280,1,1
CPAR2_200290,1,1
CPAR2_200300,1,1
CPAR2_200310,1,1
CPAR2_200320,0,0
CPAR2_200330,1,1
CPAR2_200340,1,1
CPAR2_200350,1,1
CPAR2_200360,1,1
CPAR2_200370,1,1
CPAR2_200380,1,1
CPAR2_200390,1,1
CPAR2_200400,1,1
CPAR2_200410,1,1
CPAR2_200420,1,1
CPAR2_200430,1,1
CPAR2_200440,1,1
CPAR2_200450,1,1
CPAR2_200460,1,1
CPAR2_200470,1,1
CPAR2_200480,1,1
CPAR2_200490,1,1
CPAR2_200500,1,1
CPAR2_200520,0,0
CPAR2_200530,1,0
CPAR2_200540,1,1
CPAR2_200550,1,1
CPAR2_200560,1,1
CPAR2_200570,1,1
CPAR2_200580,1,1
CPAR2_200590,1,1
CPAR2_200600,1,1
CPAR2_200610,1,1
CPAR2_200620,1,1
CPAR2_200630,1,1
CPAR2_200640,1,1
CPAR2_200650,1,1
CPAR2_200660,1,1
CPAR2_200670,1,1
CPAR2_200680,1,1
CPAR2_200690,1,1
CPAR2_200700,1,1
CPAR2_200710,1,1
CPAR2_200720,1,1
CPAR2_200730,1,1
CPAR2_200740,1,1
CPAR2_200750,1,1
CPAR2_200760,1,1
CPAR2_200770,1,1
CPAR2_200780,1,1
CPAR2_200790,1,1
CPAR2_200800,1,1
CPAR2_200810,1,1
CPAR2_200820,1,1
CPAR2_200830,1,1
CPAR2_200840,1,1
CPAR2_200850,1,1
CPAR2_200860,1,1
CPAR2_200870,1,1
CPAR2_200880,1,1
CPAR2_200890,1,1
CPAR2_200900,1,1
CPAR2_200910,1,1
CPAR2_200920,1,1
CPAR2_200930,1,1
CPAR2_200940,1,1
CPAR2_200950,1,1
CPAR2_200960,1,1
CPAR2_200970,1,1
CPAR2_200980,1,1
CPAR2_200990,1,1
CPAR2_201000,1,1
CPAR2_201010,1,1
CPAR2_201020,1,1
CPAR2_201030,1,1
CPAR2_201040,1,1
CPAR2_201050,1,1
CPAR2_201060,1,1
CPAR2_201070,1,1
CPAR2_201080,1,1
CPAR2_201090,1,1
CPAR2_201100,1,1
CPAR2_201110,1,1
CPAR2_201120,1,1
CPAR2_201130,1,1
CPAR2_201140,1,1
CPAR2_201150,1,1
CPAR2_201160,1,1
CPAR2_201170,1,1
CPAR2_201180,1,1
CPAR2_201190,1,1
CPAR2_201200,1,1
CPAR2_201210,1,1
CPAR2_201220,1,1
CPAR2_201230,1,1
CPAR2_201240,1,1
CPAR2_201250,1,1
CPAR2_201260,1,1
CPAR2_201270,1,1
CPAR2_201280,1,1
CPAR2_201290,1,1
CPAR2_201300,1,1
CPAR2_201310,1,1
CPAR2_201320,0,0
CPAR2_201330,1,1
CPAR2_201340,1,1
CPAR2_201350,1,1
CPAR2_201360,1,1
CPAR2_201370,1,1
CPAR2_201380,1,1
CPAR2_201390,1,1
CPAR2_201400,1,1
CPAR2_201410,1,1
CPAR2_201420,1,1
CPAR2_201430,1,1
CPAR2_201440,1,1
CPAR2_201450,1,1
CPAR2_201460,1,1
CPAR2_201470,1,1
CPAR2_201480,1,1
CPAR2_201490,1,1
CPAR2_201500,1,1
CPAR2_201510,1,1
CPAR2_201520,1,1
CPAR2_201530,1,1
CPAR2_201540,1,1
CPAR2_201550,1,1
CPAR2_201560,1,1
CPAR2_201570,1,1
CPAR2_201580,1,1
CPAR2_201590,1,1
CPAR2_201600,1,1
CPAR2_201610,1,1
CPAR2_201620,1,1
CPAR2_201630,1,1
CPAR2_201640,1,1
CPAR2_201650,1,1
CPAR2_201660,1,1
CPAR2_201670,1,1
CPAR2_201680,1,1
CPAR2_201690,1,1
CPAR2_201700,1,1
CPAR2_201710,1,1
CPAR2_201720,1,1
CPAR2_201730,1,1
CPAR2_201740,1,1
CPAR2_201750,1,1
CPAR2_201760,1,1
CPAR2_201770,1,1
CPAR2_201780,1,1
CPAR2_201790,1,1
CPAR2_201800,1,1
CPAR2_201810,1,1
CPAR2_201820,1,1
CPAR2_201830,1,1
CPAR2_201840,1,1
CPAR2_201850,1,1
CPAR2_201860,1,1
CPAR2_201870,1,1
CPAR2_201880,1,1
CPAR2_201890,1,1
CPAR2_201900,1,1
CPAR2_201910,1,1
CPAR2_201920,1,1
CPAR2_201930,1,1
CPAR2_201940,1,1
CPAR2_201950,1,1
CPAR2_201960,1,1
CPAR2_201970,1,1
CPAR2_201980,1,1
CPAR2_201990,0,0
CPAR2_202000,1,1
CPAR2_202010,1,1
CPAR2_202020,1,1
CPAR2_202030,1,1
CPAR2_202040,1,1
CPAR2_202050,1,1
CPAR2_202070,1,1
CPAR2_202080,1,1
CPAR2_202090,1,1
CPAR2_202100,1,1
CPAR2_202110,1,1
CPAR2_202120,1,1
CPAR2_202130,1,1
CPAR2_202140,1,1
CPAR2_202150,1,1
CPAR2_202160,1,1
CPAR2_202170,1,1
CPAR2_202180,1,1
CPAR2_202190,1,1
CPAR2_202200,1,1
CPAR2_202210,1,1
CPAR2_202220,1,1
CPAR2_202230,1,1
CPAR2_202240,1,1
CPAR2_202250,1,1
CPAR2_202260,1,1
CPAR2_202270,1,1
CPAR2_202280,1,1
CPAR2_202290,1,1
CPAR2_202300,1,1
CPAR2_202310,1,1
CPAR2_202320,1,1
CPAR2_202330,1,1
CPAR2_202340,1,1
CPAR2_202350,1,1
CPAR2_202360,1,1
CPAR2_202370,1,1
CPAR2_202380,1,1
CPAR2_202390,1,1
CPAR2_202400,1,1
CPAR2_202410,1,1
CPAR2_202420,1,1
CPAR2_202430,1,1
CPAR2_202440,1,1
CPAR2_202450,1,1
CPAR2_202460,1,1
CPAR2_202470,1,1
CPAR2_202480,1,1
CPAR2_202490,1,1
CPAR2_202500,1,1
CPAR2_202510,1,1
CPAR2_202520,1,1
CPAR2_202530,1,1
CPAR2_202540,1,1
CPAR2_202550,0,0
CPAR2_202560,1,1
CPAR2_202570,1,1
CPAR2_202580,1,1
CPAR2_202590,1,1
CPAR2_202600,1,1
CPAR2_202610,1,1
CPAR2_202620,1,1
CPAR2_202630,1,1
CPAR2_202640,1,1
CPAR2_202650,1,1
CPAR2_202660,1,1
CPAR2_202670,1,1
CPAR2_202680,1,1
CPAR2_202690,1,1
CPAR2_202700,1,1
CPAR2_202710,1,1
CPAR2_202720,1,1
CPAR2_202730,1,1
CPAR2_202740,1,1
CPAR2_202750,1,1
CPAR2_202760,1,1
CPAR2_202770,1,1
CPAR2_202780,1,1
CPAR2_202790,1,1
CPAR2_202800,1,1
CPAR2_202810,1,1
CPAR2_202820,1,1
CPAR2_202830,1,1
CPAR2_202840,1,1
CPAR2_202850,1,1
CPAR2_202860,1,0
CPAR2_202870,1,1
CPAR2_202880,0,1
CPAR2_202890,1,1
CPAR2_202900,1,1
CPAR2_202910,1,1
CPAR2_202920,1,1
CPAR2_202930,1,1
CPAR2_202940,1,1
CPAR2_202950,1,1
CPAR2_202960,1,1
CPAR2_202970,1,1
CPAR2_202980,1,1
CPAR2_202990,1,1
CPAR2_203000,0,0
CPAR2_203010,1,1
CPAR2_203020,1,1
CPAR2_203030,1,1
CPAR2_203040,1,1
CPAR2_203050,1,1
CPAR2_203060,1,1
CPAR2_203070,1,1
CPAR2_203080,1,1
CPAR2_203090,1,1
CPAR2_203100,1,1
CPAR2_203110,1,1
CPAR2_203120,1,1
CPAR2_203130,1,1
CPAR2_203140,1,1
CPAR2_203150,1,1
CPAR2_203160,1,1
CPAR2_203170,1,1
CPAR2_203180,1,1
CPAR2_203190,1,1
CPAR2_203200,1,1
CPAR2_203210,1,1
CPAR2_203220,1,1
CPAR2_203230,1,1
CPAR2_203240,1,1
CPAR2_203250,1,1
CPAR2_203260,1,1
CPAR2_203270,1,1
CPAR2_203280,1,1
CPAR2_203290,1,1
CPAR2_203300,1,1
CPAR2_203310,1,1
CPAR2_203320,1,1
CPAR2_203330,1,1
CPAR2_203340,1,1
CPAR2_203350,1,1
CPAR2_203360,1,1
CPAR2_203370,1,1
CPAR2_203380,1,1
CPAR2_203390,1,1
CPAR2_203400,1,1
CPAR2_203410,1,1
CPAR2_203420,1,1
CPAR2_203430,1,1
CPAR2_203440,1,1
CPAR2_203450,1,1
CPAR2_203460,1,1
CPAR2_203470,1,1
CPAR2_203480,1,1
CPAR2_203490,1,1
CPAR2_203500,1,1
CPAR2_203510,1,1
CPAR2_203520,1,1
CPAR2_203530,1,1
CPAR2_203540,1,1
CPAR2_203550,1,1
CPAR2_203560,1,1
CPAR2_203570,1,1
CPAR2_203580,1,1
CPAR2_203590,1,1
CPAR2_203600,1,1
CPAR2_203610,1,1
CPAR2_203620,1,1
CPAR2_203630,0,0
CPAR2_203640,1,1
CPAR2_203650,1,1
CPAR2_203660,1,1
CPAR2_203670,1,1
CPAR2_203680,1,1
CPAR2_203690,1,1
CPAR2_203700,0,0
CPAR2_203710,1,1
CPAR2_203720,1,1
CPAR2_203730,1,1
CPAR2_203740,1,1
CPAR2_203750,1,1
CPAR2_203760,1,1
CPAR2_203770,1,1
CPAR2_203780,1,1
CPAR2_203790,1,1
CPAR2_203800,1,1
CPAR2_203810,1,1
CPAR2_203820,1,1
CPAR2_203830,1,1
CPAR2_203840,1,1
CPAR2_203850,1,1
CPAR2_203860,1,1
CPAR2_203870,1,1
CPAR2_203880,0,0
CPAR2_203890,1,1
CPAR2_203900,1,1
CPAR2_203910,1,1
CPAR2_203920,1,1
CPAR2_203930,1,1
CPAR2_203940,1,1
CPAR2_203950,1,1
CPAR2_203960,1,1
CPAR2_203970,1,1
CPAR2_203980,1,1
CPAR2_203990,1,1
CPAR2_204000,1,1
CPAR2_204010,1,1
CPAR2_204020,1,1
CPAR2_204030,1,1
CPAR2_204040,1,1
CPAR2_204050,1,1
CPAR2_204060,1,1
CPAR2_204070,1,1
CPAR2_204080,1,1
CPAR2_204090,1,1
CPAR2_204100,1,1
CPAR2_204110,1,1
CPAR2_204120,1,1
CPAR2_204130,1,1
CPAR2_204140,1,1
CPAR2_204150,1,1
CPAR2_204160,1,1
CPAR2_204170,1,1
CPAR2_204180,1,1
CPAR2_204190,1,1
CPAR2_204200,1,1
CPAR2_204210,1,1
CPAR2_204220,1,1
CPAR2_204230,1,1
CPAR2_204240,1,1
CPAR2_204250,1,1
CPAR2_204260,1,1
CPAR2_204270,1,1
CPAR2_204280,1,1
CPAR2_204290,1,1
CPAR2_204300,1,1
CPAR2_204310,1,1
CPAR2_204320,1,1
CPAR2_204330,1,1
CPAR2_204340,1,1
CPAR2_204350,1,1
CPAR2_204360,1,1
CPAR2_204370,1,1
CPAR2_204380,1,1
CPAR2_204390,1,1
CPAR2_204400,1,1
CPAR2_204410,1,1
CPAR2_204420,1,1
CPAR2_204430,1,1
CPAR2_204440,1,1
CPAR2_204450,1,1
CPAR2_204460,1,1
CPAR2_204470,1,1
CPAR2_204480,1,1
CPAR2_204490,1,1
CPAR2_204500,1,1
CPAR2_204510,1,1
CPAR2_204520,1,1
CPAR2_204530,1,1
CPAR2_204540,1,1
CPAR2_204550,1,1
CPAR2_204560,1,1
CPAR2_204570,1,1
CPAR2_204580,1,1
CPAR2_204590,1,1
CPAR2_204600,1,1
CPAR2_204610,1,1
CPAR2_204620,1,1
CPAR2_204630,1,1
CPAR2_204640,1,1
CPAR2_204650,1,1
CPAR2_204660,1,1
CPAR2_204670,1,1
CPAR2_204680,1,1
CPAR2_204690,1,1
CPAR2_204700,1,1
CPAR2_204710,1,1
CPAR2_204720,1,1
CPAR2_204730,1,1
CPAR2_204740,1,1
CPAR2_204750,1,1
CPAR2_204760,1,1
CPAR2_204770,1,1
CPAR2_204780,1,1
CPAR2_204790,1,1
CPAR2_204800,1,1
CPAR2_204810,1,1
CPAR2_204820,1,1
CPAR2_204830,1,1
CPAR2_204840,1,1
CPAR2_204850,1,1
CPAR2_204860,1,1
CPAR2_204870,1,1
CPAR2_204880,1,1
CPAR2_204890,1,1
CPAR2_204900,1,1
CPAR2_204910,1,1
CPAR2_204920,1,1
CPAR2_204930,1,1
CPAR2_204940,1,1
CPAR2_204950,1,1
CPAR2_204960,1,1
CPAR2_204970,1,1
CPAR2_204980,1,1
CPAR2_204990,1,1
CPAR2_205000,1,1
CPAR2_205010,1,1
CPAR2_205020,1,1
CPAR2_205030,1,1
CPAR2_205040,1,1
CPAR2_205050,1,1
CPAR2_205060,1,1
CPAR2_205070,1,1
CPAR2_205080,1,1
CPAR2_205090,1,1
CPAR2_205100,1,1
CPAR2_205110,1,1
CPAR2_205120,1,1
CPAR2_205130,1,1
CPAR2_205140,1,1
CPAR2_205150,1,1
CPAR2_205160,1,1
CPAR2_205170,1,1
CPAR2_205180,1,1
CPAR2_205190,1,1
CPAR2_205200,1,1
CPAR2_205210,1,1
CPAR2_205220,1,1
CPAR2_205230,1,1
CPAR2_205240,1,1
CPAR2_205250,1,1
CPAR2_205260,1,1
CPAR2_205270,1,1
CPAR2_205280,1,1
CPAR2_205290,0,0
CPAR2_205300,1,1
CPAR2_205310,1,1
CPAR2_205320,1,1
CPAR2_205330,1,1
CPAR2_205340,1,1
CPAR2_205350,1,1
CPAR2_205360,1,1
CPAR2_205370,1,1
CPAR2_205380,1,1
CPAR2_205390,1,1
CPAR2_205400,1,1
CPAR2_205410,1,1
CPAR2_205420,1,1
CPAR2_205430,1,1
CPAR2_205440,1,1
CPAR2_205450,1,1
CPAR2_205460,1,1
CPAR2_205470,1,1
CPAR2_205480,1,1
CPAR2_205490,1,1
CPAR2_205500,1,1
CPAR2_205510,1,1
CPAR2_205520,1,1
CPAR2_205530,1,1
CPAR2_205540,1,1
CPAR2_205550,1,1
CPAR2_205560,1,1
CPAR2_205570,1,1
CPAR2_205580,1,1
CPAR2_205590,1,1
CPAR2_205600,1,1
CPAR2_205610,1,1
CPAR2_205620,1,1
CPAR2_205630,1,1
CPAR2_205640,1,1
CPAR2_205650,1,1
CPAR2_205660,1,1
CPAR2_205670,1,1
CPAR2_205680,1,1
CPAR2_205690,1,1
CPAR2_205700,1,1
CPAR2_205710,1,1
CPAR2_205720,1,1
CPAR2_205730,1,1
CPAR2_205740,1,1
CPAR2_205750,1,1
CPAR2_205760,1,1
CPAR2_205770,1,1
CPAR2_205780,1,1
CPAR2_205790,1,1
CPAR2_205800,0,0
CPAR2_205810,1,1
CPAR2_205820,1,1
CPAR2_205830,1,1
CPAR2_205840,1,1
CPAR2_205850,1,1
CPAR2_205860,1,1
CPAR2_205870,1,1
CPAR2_205875,0,0
CPAR2_205880,0,0
CPAR2_205890,1,1
CPAR2_205900,0,0
CPAR2_205910,1,1
CPAR2_205920,1,1
CPAR2_205930,1,1
CPAR2_205940,1,1
CPAR2_205950,1,1
CPAR2_205960,1,1
CPAR2_205970,1,1
CPAR2_205980,1,1
CPAR2_205990,1,1
CPAR2_206000,1,1
CPAR2_206010,1,1
CPAR2_206020,1,1
CPAR2_206030,1,1
CPAR2_206040,1,1
CPAR2_206050,1,1
CPAR2_206060,1,1
CPAR2_206070,1,1
CPAR2_206080,1,1
CPAR2_206090,1,1
CPAR2_206100,1,1
CPAR2_206110,1,1
CPAR2_206120,1,1
CPAR2_206130,1,1
CPAR2_206140,1,1
CPAR2_206150,1,1
CPAR2_206160,1,1
CPAR2_206170,1,1
CPAR2_206180,1,1
CPAR2_206190,1,1
CPAR2_206200,1,1
CPAR2_206210,1,1
CPAR2_206220,1,1
CPAR2_206240,1,0
CPAR2_206250,1,1
CPAR2_206270,1,1
CPAR2_206280,1,1
CPAR2_206290,1,1
CPAR2_206300,1,1
CPAR2_206310,1,1
CPAR2_206320,1,1
CPAR2_206330,1,1
CPAR2_206340,1,1
CPAR2_206350,1,1
CPAR2_206360,1,1
CPAR2_206370,1,1
CPAR2_206380,1,1
CPAR2_206390,1,1
CPAR2_206400,1,1
CPAR2_206410,1,1
CPAR2_206420,1,1
CPAR2_206430,1,1
CPAR2_206440,1,1
CPAR2_206450,1,1
CPAR2_206460,1,1
CPAR2_206470,1,1
CPAR2_206480,1,1
CPAR2_206490,1,1
CPAR2_206500,0,0
CPAR2_206510,1,1
CPAR2_206520,1,1
CPAR2_206530,1,1
CPAR2_206540,1,1
CPAR2_206550,1,1
CPAR2_206560,0,0
CPAR2_206570,1,1
CPAR2_206580,1,1
CPAR2_206590,1,1
CPAR2_206600,1,1
CPAR2_206610,1,1
CPAR2_206620,1,1
CPAR2_206630,1,1
CPAR2_206640,1,1
CPAR2_206650,1,1
CPAR2_206660,1,1
CPAR2_206670,1,1
CPAR2_206680,1,1
CPAR2_206690,1,1
CPAR2_206700,1,1
CPAR2_206710,1,1
CPAR2_206720,1,1
CPAR2_206730,1,1
CPAR2_206740,1,1
CPAR2_206750,1,1
CPAR2_206760,1,1
CPAR2_206770,1,1
CPAR2_206780,1,1
CPAR2_206790,1,1
CPAR2_206800,1,1
CPAR2_206810,1,1
CPAR2_206820,1,1
CPAR2_206830,1,1
CPAR2_206840,1,1
CPAR2_206850,1,1
CPAR2_206860,1,1
CPAR2_206870,1,1
CPAR2_206880,1,1
CPAR2_206890,1,1
CPAR2_206900,1,1
CPAR2_206910,1,1
CPAR2_206920,1,1
CPAR2_206930,1,1
CPAR2_206940,1,1
CPAR2_206950,1,1
CPAR2_206960,1,1
CPAR2_206970,1,1
CPAR2_206980,1,1
CPAR2_206990,1,1
CPAR2_207000,1,1
CPAR2_207010,1,1
CPAR2_207020,1,1
CPAR2_207030,1,1
CPAR2_207040,1,1
CPAR2_207050,1,1
CPAR2_207060,1,1
CPAR2_207070,1,1
CPAR2_207080,1,1
CPAR2_207090,1,1
CPAR2_207100,1,1
CPAR2_207110,1,1
CPAR2_207120,1,1
CPAR2_207130,1,1
CPAR2_207140,1,1
CPAR2_207150,1,1
CPAR2_207160,1,1
CPAR2_207170,1,1
CPAR2_207180,1,1
CPAR2_207190,1,1
CPAR2_207200,1,1
CPAR2_207210,1,1
CPAR2_207220,1,1
CPAR2_207230,1,1
CPAR2_207240,1,1
CPAR2_207250,1,1
CPAR2_207260,1,1
CPAR2_207270,1,1
CPAR2_207280,1,1
CPAR2_207290,1,1
CPAR2_207300,1,1
CPAR2_207310,1,1
CPAR2_207320,0,0
CPAR2_207330,1,1
CPAR2_207340,1,1
CPAR2_207350,1,1
CPAR2_207360,1,1
CPAR2_207370,1,1
CPAR2_207380,1,1
CPAR2_207390,1,1
CPAR2_207400,1,1
CPAR2_207410,1,1
CPAR2_207420,1,1
CPAR2_207430,1,1
CPAR2_207440,1,1
CPAR2_207450,1,1
CPAR2_207460,1,1
CPAR2_207470,1,1
CPAR2_207480,1,1
CPAR2_207490,1,1
CPAR2_207500,1,1
CPAR2_207510,1,1
CPAR2_207520,1,1
CPAR2_207530,1,1
CPAR2_207540,0,1
CPAR2_207550,1,1
CPAR2_207560,1,1
CPAR2_207570,1,1
CPAR2_207580,1,1
CPAR2_207590,1,1
CPAR2_207600,1,1
CPAR2_207610,1,1
CPAR2_207620,1,1
CPAR2_207630,1,1
CPAR2_207640,1,1
CPAR2_207650,1,1
CPAR2_207660,1,1
CPAR2_207670,1,1
CPAR2_207680,1,1
CPAR2_207690,1,1
CPAR2_207700,1,1
CPAR2_207710,1,1
CPAR2_207720,1,1
CPAR2_207730,1,1
CPAR2_207740,1,1
CPAR2_207750,1,1
CPAR2_207760,1,1
CPAR2_207770,1,1
CPAR2_207780,1,1
CPAR2_207790,0,0
CPAR2_207800,1,1
CPAR2_207810,1,1
CPAR2_207820,1,1
CPAR2_207830,1,1
CPAR2_207840,1,1
CPAR2_207850,1,1
CPAR2_207860,1,1
CPAR2_207870,0,0
CPAR2_207880,1,1
CPAR2_207890,1,1
CPAR2_207900,1,1
CPAR2_207910,1,1
CPAR2_207920,1,1
CPAR2_207930,1,1
CPAR2_207940,1,1
CPAR2_207950,1,1
CPAR2_207960,1,1
CPAR2_207970,1,1
CPAR2_207980,1,1
CPAR2_207990,1,1
CPAR2_208000,1,1
CPAR2_208010,1,1
CPAR2_208020,1,1
CPAR2_208030,1,1
CPAR2_208040,1,1
CPAR2_208050,1,1
CPAR2_208060,1,1
CPAR2_208070,1,1
CPAR2_208080,1,1
CPAR2_208090,1,1
CPAR2_208100,1,1
CPAR2_208110,1,1
CPAR2_208120,1,1
CPAR2_208130,1,1
CPAR2_208140,1,1
CPAR2_208150,1,1
CPAR2_208160,1,1
CPAR2_208190,1,1
CPAR2_208200,1,1
CPAR2_208210,1,1
CPAR2_208220,1,1
CPAR2_208230,1,1
CPAR2_208240,1,1
CPAR2_208250,1,1
CPAR2_208260,1,1
CPAR2_208270,1,1
CPAR2_208280,1,1
CPAR2_208290,1,1
CPAR2_208300,1,1
CPAR2_208310,1,1
CPAR2_208320,1,1
CPAR2_208330,1,1
CPAR2_208340,1,1
CPAR2_208350,1,1
CPAR2_208360,1,1
CPAR2_208370,1,1
CPAR2_208380,1,1
CPAR2_208390,1,1
CPAR2_208400,1,1
CPAR2_208410,0,0
CPAR2_208420,1,1
CPAR2_208430,1,1
CPAR2_208440,1,1
CPAR2_208450,1,1
CPAR2_208460,1,1
CPAR2_208470,1,1
CPAR2_208480,1,1
CPAR2_208490,1,1
CPAR2_208500,1,1
CPAR2_208510,1,1
CPAR2_208520,1,1
CPAR2_208530,1,1
CPAR2_208540,1,1
CPAR2_208550,1,1
CPAR2_208560,1,1
CPAR2_208570,1,1
CPAR2_208580,1,1
CPAR2_208590,1,1
CPAR2_208600,1,1
CPAR2_208610,1,1
CPAR2_208620,1,1
CPAR2_208630,0,1
CPAR2_208640,1,1
CPAR2_208650,1,1
CPAR2_208660,1,1
CPAR2_208670,1,1
CPAR2_208680,1,1
CPAR2_208690,1,1
CPAR2_208700,0,0
CPAR2_208710,1,1
CPAR2_208730,1,1
CPAR2_208740,1,1
CPAR2_208750,1,1
CPAR2_208760,1,1
CPAR2_208770,1,1
CPAR2_208780,1,1
CPAR2_208790,1,1
CPAR2_208800,1,1
CPAR2_208810,1,1
CPAR2_208830,1,1
CPAR2_208840,1,1
CPAR2_208850,1,1
CPAR2_208860,1,1
CPAR2_208870,1,1
CPAR2_208880,0,0
CPAR2_208890,1,1
CPAR2_208900,1,1
CPAR2_208910,0,0
CPAR2_208920,1,1
CPAR2_208930,1,1
CPAR2_208940,1,1
CPAR2_208950,1,1
CPAR2_208960,1,1
CPAR2_208970,1,1
CPAR2_208980,1,1
CPAR2_208990,1,1
CPAR2_209000,1,1
CPAR2_209010,1,1
CPAR2_209020,1,1
CPAR2_209030,1,1
CPAR2_209040,1,1
CPAR2_209050,1,1
CPAR2_209060,1,1
CPAR2_209070,1,1
CPAR2_209080,1,1
CPAR2_209090,1,1
CPAR2_209100,1,1
CPAR2_209110,1,1
CPAR2_209120,1,1
CPAR2_209130,1,1
CPAR2_209140,1,1
CPAR2_209150,1,1
CPAR2_209160,1,1
CPAR2_209170,1,1
CPAR2_209180,1,1
CPAR2_209190,1,1
CPAR2_209200,1,1
CPAR2_209210,1,1
CPAR2_209220,1,1
CPAR2_209230,1,1
CPAR2_209240,1,1
CPAR2_209250,1,1
CPAR2_209260,1,1
CPAR2_209270,1,1
CPAR2_209280,1,1
CPAR2_209290,1,1
CPAR2_209300,1,1
CPAR2_209310,1,1
CPAR2_209320,1,1
CPAR2_209330,1,1
CPAR2_209340,1,1
CPAR2_209350,1,1
CPAR2_209360,1,1
CPAR2_209370,1,1
CPAR2_209380,1,1
CPAR2_209390,1,1
CPAR2_209400,1,1
CPAR2_209410,1,1
CPAR2_209420,1,1
CPAR2_209430,1,1
CPAR2_209440,1,1
CPAR2_209450,1,1
CPAR2_209460,1,1
CPAR2_209470,1,1
CPAR2_209480,1,1
CPAR2_209490,1,1
CPAR2_209500,1,1
CPAR2_209510,1,1
CPAR2_209520,1,1
CPAR2_209530,1,1
CPAR2_209540,1,1
CPAR2_209550,1,1
CPAR2_209560,1,1
CPAR2_209570,1,1
CPAR2_209580,1,1
CPAR2_209590,1,1
CPAR2_209600,1,1
CPAR2_209610,1,1
CPAR2_209620,1,1
CPAR2_209630,1,1
CPAR2_209640,1,1
CPAR2_209650,1,1
CPAR2_209660,1,1
CPAR2_209670,1,1
CPAR2_209680,1,1
CPAR2_209690,1,1
CPAR2_209700,1,1
CPAR2_209710,1,1
CPAR2_209720,1,1
CPAR2_209730,1,1
CPAR2_209740,1,1
CPAR2_209750,1,1
CPAR2_209760,1,1
CPAR2_209770,1,1
CPAR2_209780,1,1
CPAR2_209790,1,1
CPAR2_209800,1,1
CPAR2_209810,1,1
CPAR2_209820,1,1
CPAR2_209830,1,1
CPAR2_209840,1,1
CPAR2_209850,1,1
CPAR2_209860,1,1
CPAR2_209870,1,1
CPAR2_209880,1,1
CPAR2_209890,1,1
CPAR2_209900,1,1
CPAR2_209910,1,1
CPAR2_209920,1,1
CPAR2_209930,1,1
CPAR2_209940,1,1
CPAR2_209950,1,1
CPAR2_209960,1,1
CPAR2_209970,1,1
CPAR2_209980,1,1
CPAR2_209990,1,1
CPAR2_210000,1,1
CPAR2_210010,1,1
CPAR2_210020,1,1
CPAR2_210030,1,1
CPAR2_210040,1,1
CPAR2_210050,1,1
CPAR2_210060,1,1
CPAR2_210070,1,1
CPAR2_210080,1,1
CPAR2_210090,1,1
CPAR2_210100,1,1
CPAR2_210110,1,1
CPAR2_210120,1,1
CPAR2_210130,1,1
CPAR2_210140,1,1
CPAR2_210150,1,1
CPAR2_210160,1,1
CPAR2_210170,1,1
CPAR2_210180,1,1
CPAR2_210190,1,1
CPAR2_210200,1,1
CPAR2_210210,1,1
CPAR2_210220,1,1
CPAR2_210230,1,1
CPAR2_210240,1,1
CPAR2_210250,1,1
CPAR2_210260,1,1
CPAR2_210270,1,1
CPAR2_210280,1,1
CPAR2_210290,1,1
CPAR2_210300,1,1
CPAR2_210310,1,1
CPAR2_210320,1,1
CPAR2_210330,1,1
CPAR2_210340,1,1
CPAR2_210345,1,1
CPAR2_210350,1,1
CPAR2_210360,1,1
CPAR2_210370,1,1
CPAR2_210380,1,1
CPAR2_210390,1,1
CPAR2_210400,1,1
CPAR2_210410,1,1
CPAR2_210420,1,1
CPAR2_210430,1,1
CPAR2_210440,1,1
CPAR2_210450,1,1
CPAR2_210460,1,1
CPAR2_210470,1,1
CPAR2_210480,1,1
CPAR2_210490,1,1
CPAR2_210500,1,1
CPAR2_210510,1,1
CPAR2_210520,1,1
CPAR2_210530,1,1
CPAR2_210540,1,1
CPAR2_210550,1,1
CPAR2_210560,1,1
CPAR2_210570,1,1
CPAR2_210580,1,1
CPAR2_210590,1,1
CPAR2_210600,0,0
CPAR2_210610,1,1
CPAR2_210620,1,1
CPAR2_210630,1,1
CPAR2_210640,1,1
CPAR2_210650,1,1
CPAR2_210660,1,1
CPAR2_210670,1,1
CPAR2_210680,1,1
CPAR2_210690,1,1
CPAR2_210700,1,1
CPAR2_210710,1,1
CPAR2_210720,1,1
CPAR2_210730,1,1
CPAR2_210740,1,1
CPAR2_210750,1,1
CPAR2_210760,1,1
CPAR2_210770,1,1
CPAR2_210780,1,1
CPAR2_210790,1,1
CPAR2_210800,1,1
CPAR2_210810,1,1
CPAR2_210820,1,1
CPAR2_210830,1,1
CPAR2_210840,1,1
CPAR2_210850,1,1
CPAR2_210860,1,1
CPAR2_210870,1,1
CPAR2_210880,1,1
CPAR2_210890,1,1
CPAR2_210900,1,1
CPAR2_210910,1,1
CPAR2_210920,1,1
CPAR2_210930,1,1
CPAR2_210940,1,1
CPAR2_210950,1,1
CPAR2_210960,1,1
CPAR2_210970,1,1
CPAR2_210980,1,1
CPAR2_210990,1,1
CPAR2_211000,1,1
CPAR2_211010,1,1
CPAR2_211020,1,1
CPAR2_211030,1,1
CPAR2_211040,1,1
CPAR2_211050,1,1
CPAR2_211060,1,1
CPAR2_211070,1,1
CPAR2_211080,1,1
CPAR2_211090,1,1
CPAR2_211100,1,1
CPAR2_211110,1,1
CPAR2_211120,1,1
CPAR2_211130,0,0
CPAR2_211140,1,1
CPAR2_211150,1,1
CPAR2_211160,1,1
CPAR2_211170,0,0
CPAR2_211180,1,1
CPAR2_211190,1,1
CPAR2_211200,1,1
CPAR2_211210,1,1
CPAR2_211220,1,1
CPAR2_211230,1,1
CPAR2_211240,1,1
CPAR2_211250,1,1
CPAR2_211260,1,1
CPAR2_211270,1,1
CPAR2_211280,1,1
CPAR2_211290,1,1
CPAR2_211300,1,1
CPAR2_211310,1,1
CPAR2_211320,1,1
CPAR2_211330,1,1
CPAR2_211340,1,1
CPAR2_211350,1,1
CPAR2_211360,1,1
CPAR2_211370,1,1
CPAR2_211380,1,1
CPAR2_211390,1,1
CPAR2_211400,1,1
CPAR2_211410,1,1
CPAR2_211420,1,1
CPAR2_211430,1,1
CPAR2_211440,1,1
CPAR2_211450,1,1
CPAR2_211460,1,1
CPAR2_211470,1,1
CPAR2_211480,1,1
CPAR2_211490,1,1
CPAR2_211500,1,1
CPAR2_211510,0,1
CPAR2_211520,1,1
CPAR2_211530,1,1
CPAR2_211540,1,1
CPAR2_211550,1,1
CPAR2_211560,1,1
CPAR2_211570,1,1
CPAR2_211580,1,1
CPAR2_211590,1,1
CPAR2_211600,1,1
CPAR2_211610,1,1
CPAR2_211620,1,1
CPAR2_211630,1,1
CPAR2_211640,1,1
CPAR2_211650,1,1
CPAR2_211660,1,1
CPAR2_211670,1,1
CPAR2_211680,1,1
CPAR2_211690,1,1
CPAR2_211700,1,1
CPAR2_211710,1,1
CPAR2_211720,1,1
CPAR2_211730,1,1
CPAR2_211740,1,1
CPAR2_211750,1,1
CPAR2_211760,1,1
CPAR2_211770,1,1
CPAR2_211780,1,1
CPAR2_211790,1,1
CPAR2_211800,1,1
CPAR2_211810,1,1
CPAR2_211820,1,1
CPAR2_211830,1,1
CPAR2_211840,1,1
CPAR2_211850,1,1
CPAR2_211860,1,1
CPAR2_211870,1,1
CPAR2_211880,1,1
CPAR2_211890,1,1
CPAR2_211900,1,1
CPAR2_211910,1,1
CPAR2_211920,1,1
CPAR2_211930,1,1
CPAR2_211940,1,1
CPAR2_211950,1,1
CPAR2_211960,1,1
CPAR2_211970,1,1
CPAR2_211980,1,1
CPAR2_211990,1,1
CPAR2_212000,1,1
CPAR2_212010,1,1
CPAR2_212020,1,1
CPAR2_212030,1,1
CPAR2_212040,1,1
CPAR2_212050,1,1
CPAR2_212060,1,1
CPAR2_212070,1,1
CPAR2_212080,1,1
CPAR2_212090,1,1
CPAR2_212100,1,1
CPAR2_212110,1,1
CPAR2_212120,1,1
CPAR2_212130,1,1
CPAR2_212140,1,1
CPAR2_212150,1,1
CPAR2_212160,1,1
CPAR2_212170,1,1
CPAR2_212180,1,1
CPAR2_212190,1,1
CPAR2_212200,1,1
CPAR2_212210,1,1
CPAR2_212220,1,1
CPAR2_212230,1,1
CPAR2_212240,1,1
CPAR2_212250,1,1
CPAR2_212260,1,1
CPAR2_212270,1,1
CPAR2_212280,1,1
CPAR2_212290,1,1
CPAR2_212300,1,1
CPAR2_212310,1,1
CPAR2_212320,1,1
CPAR2_212330,1,1
CPAR2_212340,1,1
CPAR2_212350,1,1
CPAR2_212360,1,1
CPAR2_212370,1,1
CPAR2_212380,1,1
CPAR2_212390,1,1
CPAR2_212400,1,1
CPAR2_212410,1,1
CPAR2_212420,1,1
CPAR2_212430,1,1
CPAR2_212440,1,1
CPAR2_212450,1,1
CPAR2_212460,1,1
CPAR2_212470,1,1
CPAR2_212480,1,1
CPAR2_212490,1,1
CPAR2_212500,1,1
CPAR2_212510,1,1
CPAR2_212520,1,1
CPAR2_212530,1,1
CPAR2_212540,1,1
CPAR2_212550,1,1
CPAR2_212560,1,1
CPAR2_212570,1,1
CPAR2_212580,1,1
CPAR2_212590,1,1
CPAR2_212600,1,1
CPAR2_212610,1,1
CPAR2_212620,1,1
CPAR2_212630,1,1
CPAR2_212640,1,1
CPAR2_212650,0,0
CPAR2_212660,1,1
CPAR2_212670,1,1
CPAR2_212680,1,1
CPAR2_212690,1,1
CPAR2_212700,1,1
CPAR2_212710,1,1
CPAR2_212720,1,1
CPAR2_212730,1,1
CPAR2_212740,1,1
CPAR2_212750,1,1
CPAR2_212760,1,1
CPAR2_212770,1,1
CPAR2_212780,1,1
CPAR2_212790,1,1
CPAR2_212800,1,1
CPAR2_212810,1,1
CPAR2_212820,1,1
CPAR2_212830,1,1
CPAR2_212840,1,1
CPAR2_212850,1,1
CPAR2_212860,1,1
CPAR2_212870,1,1
CPAR2_212880,1,1
CPAR2_212890,1,1
CPAR2_212900,1,1
CPAR2_212910,1,1
CPAR2_212920,1,1
CPAR2_212925,1,1
CPAR2_212930,1,1
CPAR2_212940,1,1
CPAR2_212950,1,1
CPAR2_212960,1,1
CPAR2_212970,1,1
CPAR2_212980,1,1
CPAR2_212990,1,1
CPAR2_213000,1,1
CPAR2_213010,1,1
CPAR2_213020,1,1
CPAR2_213030,1,1
CPAR2_213040,1,1
CPAR2_213050,0,0
CPAR2_213060,0,0
CPAR2_213070,1,1
CPAR2_213080,1,1
CPAR2_213090,1,1
CPAR2_213100,1,1
CPAR2_213110,1,1
CPAR2_213120,1,1
CPAR2_213130,1,1
CPAR2_213140,1,1
CPAR2_213150,1,1
CPAR2_213160,1,1
CPAR2_213170,1,1
CPAR2_213180,1,1
CPAR2_213190,1,1
CPAR2_213200,1,1
CPAR2_213210,1,1
CPAR2_213220,1,1
CPAR2_213230,1,1
CPAR2_213240,1,1
CPAR2_213250,1,1
CPAR2_213260,1,1
CPAR2_213270,1,1
CPAR2_213280,1,1
CPAR2_213290,1,1
CPAR2_213300,1,1
CPAR2_213310,1,1
CPAR2_213320,1,1
CPAR2_213330,1,1
CPAR2_213340,1,1
CPAR2_213350,1,1
CPAR2_213360,1,1
CPAR2_213380,1,1
CPAR2_213390,1,1
CPAR2_213400,1,1
CPAR2_213410,1,1
CPAR2_213420,1,1
CPAR2_213430,1,1
CPAR2_213440,1,1
CPAR2_213450,1,1
CPAR2_213460,1,1
CPAR2_213470,0,0
CPAR2_213480,1,1
CPAR2_213490,1,1
CPAR2_213500,1,1
CPAR2_213510,1,1
CPAR2_213520,1,1
CPAR2_213530,1,1
CPAR2_213540,1,1
CPAR2_213550,1,1
CPAR2_213560,1,1
CPAR2_213570,1,1
CPAR2_213580,1,1
CPAR2_213590,1,1
CPAR2_213600,1,1
CPAR2_213610,1,1
CPAR2_213620,1,1
CPAR2_213630,1,1
CPAR2_213640,1,1
CPAR2_213650,1,1
CPAR2_213660,1,1
CPAR2_213670,1,1
CPAR2_213680,1,1
CPAR2_213690,1,1
CPAR2_213700,1,1
CPAR2_213710,1,1
CPAR2_213720,1,1
CPAR2_213730,1,1
CPAR2_213740,1,1
CPAR2_213750,1,1
CPAR2_213760,1,1
CPAR2_213780,1,1
CPAR2_213770,1,1
CPAR2_213800,1,1
CPAR2_213810,1,1
CPAR2_213820,1,1
CPAR2_213830,1,1
CPAR2_213840,0,0
CPAR2_213850,1,1
CPAR2_213860,1,1
CPAR2_213870,1,1
CPAR2_213880,1,1
CPAR2_213890,1,1
CPAR2_213900,1,1
CPAR2_213910,1,1
CPAR2_213920,1,1
CPAR2_213930,1,1
CPAR2_213940,1,1
CPAR2_213950,1,1
CPAR2_213960,1,1
CPAR2_213970,1,1
CPAR2_213980,1,1
CPAR2_213990,1,1
CPAR2_214000,1,1
CPAR2_214010,1,1
CPAR2_214020,1,1
CPAR2_214030,1,1
CPAR2_214040,1,1
CPAR2_214050,1,1
CPAR2_214060,1,1
CPAR2_214070,1,1
CPAR2_214080,1,1
CPAR2_214090,1,1
CPAR2_214100,1,1
CPAR2_214110,1,1
CPAR2_214120,1,1
CPAR2_214130,1,1
CPAR2_214140,1,1
CPAR2_214150,1,1
CPAR2_214160,1,1
CPAR2_214170,1,1
CPAR2_800010,1,1
CPAR2_800020,1,1
CPAR2_800030,1,1
CPAR2_800040,1,1
CPAR2_800050,0,0
CPAR2_800060,1,1
CPAR2_800070,1,1
CPAR2_800080,1,1
CPAR2_800090,1,1
CPAR2_800100,1,1
CPAR2_800110,1,1
CPAR2_800120,1,1
CPAR2_800130,1,1
CPAR2_800140,1,1
CPAR2_800150,1,1
CPAR2_800160,1,1
CPAR2_800170,1,1
CPAR2_800180,1,1
CPAR2_800190,1,1
CPAR2_800200,1,1
CPAR2_800210,1,1
CPAR2_800220,1,1
CPAR2_800230,1,1
CPAR2_800240,1,1
CPAR2_800250,1,1
CPAR2_800260,1,1
CPAR2_800270,1,1
CPAR2_800280,1,1
CPAR2_800290,1,1
CPAR2_800300,1,1
CPAR2_800310,1,1
CPAR2_800320,1,1
CPAR2_800330,1,1
CPAR2_800340,1,1
CPAR2_800350,1,1
CPAR2_800360,1,1
CPAR2_800370,1,1
CPAR2_800380,0,0
CPAR2_800390,1,1
CPAR2_800400,1,1
CPAR2_800410,1,1
CPAR2_800420,1,1
CPAR2_800430,1,1
CPAR2_800440,1,1
CPAR2_800450,1,1
CPAR2_800460,1,1
CPAR2_800470,1,1
CPAR2_800480,1,1
CPAR2_800490,1,1
CPAR2_800500,0,0
CPAR2_800510,1,1
CPAR2_800520,0,1
CPAR2_800530,1,1
CPAR2_800540,1,1
CPAR2_800550,1,1
CPAR2_800560,1,1
CPAR2_800570,1,1
CPAR2_800580,1,1
CPAR2_800590,1,1
CPAR2_800600,1,1
CPAR2_800610,1,1
CPAR2_800620,1,1
CPAR2_800630,1,1
CPAR2_800640,1,1
CPAR2_800650,1,1
CPAR2_800660,1,1
CPAR2_800670,1,1
CPAR2_800680,1,1
CPAR2_800690,1,1
CPAR2_800700,1,1
CPAR2_800710,1,1
CPAR2_800720,1,1
CPAR2_800730,1,1
CPAR2_800740,1,1
CPAR2_800750,1,1
CPAR2_800760,1,1
CPAR2_800770,1,1
CPAR2_800780,1,1
CPAR2_800790,1,1
CPAR2_800800,1,1
CPAR2_800810,1,1
CPAR2_800820,1,1
CPAR2_800830,1,1
CPAR2_800840,1,1
CPAR2_800850,1,1
CPAR2_800860,1,1
CPAR2_800870,1,1
CPAR2_800880,1,1
CPAR2_800890,1,1
CPAR2_800900,1,1
CPAR2_800910,1,1
CPAR2_800920,1,1
CPAR2_800930,1,1
CPAR2_800940,1,1
CPAR2_800950,1,1
CPAR2_800960,1,1
CPAR2_800970,1,1
CPAR2_800980,1,1
CPAR2_800990,1,1
CPAR2_801000,1,1
CPAR2_801010,1,1
CPAR2_801020,1,1
CPAR2_801030,1,1
CPAR2_801040,1,1
CPAR2_801050,1,1
CPAR2_801060,1,1
CPAR2_801070,1,1
CPAR2_801080,1,1
CPAR2_801090,1,1
CPAR2_801100,1,1
CPAR2_801110,1,1
CPAR2_801120,1,1
CPAR2_801130,1,1
CPAR2_801140,1,1
CPAR2_801150,1,1
CPAR2_801160,1,1
CPAR2_801170,1,1
CPAR2_801180,1,1
CPAR2_801190,1,1
CPAR2_801200,1,1
CPAR2_801210,1,1
CPAR2_801220,1,1
CPAR2_801230,1,1
CPAR2_801240,1,1
CPAR2_801250,1,1
CPAR2_801260,1,1
CPAR2_801270,1,1
CPAR2_801280,1,1
CPAR2_801290,1,1
CPAR2_801300,0,0
CPAR2_801310,1,1
CPAR2_801320,1,1
CPAR2_801330,1,1
CPAR2_801340,1,1
CPAR2_801350,1,1
CPAR2_801360,1,1
CPAR2_801370,1,1
CPAR2_801380,1,1
CPAR2_801390,1,1
CPAR2_801400,1,1
CPAR2_801410,1,1
CPAR2_801420,1,1
CPAR2_801430,1,1
CPAR2_801440,1,1
CPAR2_801450,1,1
CPAR2_801460,1,1
CPAR2_801470,1,1
CPAR2_801480,1,1
CPAR2_801490,1,1
CPAR2_801500,1,1
CPAR2_801510,1,1
CPAR2_801520,1,1
CPAR2_801530,1,1
CPAR2_801540,1,1
CPAR2_801550,0,0
CPAR2_801560,1,1
CPAR2_801570,1,1
CPAR2_801580,1,1
CPAR2_801590,1,1
CPAR2_801600,1,1
CPAR2_801610,0,0
CPAR2_801620,1,1
CPAR2_801630,1,1
CPAR2_801640,1,1
CPAR2_801650,1,1
CPAR2_801655,0,0
CPAR2_801660,1,1
CPAR2_801670,1,1
CPAR2_801680,1,1
CPAR2_801690,1,1
CPAR2_801700,1,1
CPAR2_801710,1,1
CPAR2_801720,1,1
CPAR2_801730,1,1
CPAR2_801735,0,0
CPAR2_801740,1,1
CPAR2_801750,1,1
CPAR2_801760,1,1
CPAR2_801770,1,1
CPAR2_801780,1,1
CPAR2_801790,1,1
CPAR2_801800,1,1
CPAR2_801810,1,1
CPAR2_801820,1,1
CPAR2_801830,1,1
CPAR2_801840,1,1
CPAR2_801850,1,1
CPAR2_801860,1,1
CPAR2_801870,1,1
CPAR2_801880,1,1
CPAR2_801890,1,1
CPAR2_801900,1,1
CPAR2_801910,1,1
CPAR2_801920,1,1
CPAR2_801930,1,1
CPAR2_801940,1,1
CPAR2_801950,1,1
CPAR2_801960,1,1
CPAR2_801970,1,1
CPAR2_801980,1,1
CPAR2_801990,1,1
CPAR2_802000,1,1
CPAR2_802010,1,1
CPAR2_802020,1,1
CPAR2_802030,1,1
CPAR2_802040,1,1
CPAR2_802050,1,1
CPAR2_802060,0,0
CPAR2_802070,1,1
CPAR2_802080,1,1
CPAR2_802090,1,1
CPAR2_802100,1,1
CPAR2_802110,1,1
CPAR2_802120,1,1
CPAR2_802130,1,1
CPAR2_802140,1,1
CPAR2_802150,1,1
CPAR2_802160,1,1
CPAR2_802170,1,1
CPAR2_802180,1,1
CPAR2_802190,1,1
CPAR2_802200,1,1
CPAR2_802210,1,1
CPAR2_802220,1,1
CPAR2_802230,1,1
CPAR2_802240,1,1
CPAR2_802250,1,1
CPAR2_802260,1,1
CPAR2_802270,1,1
CPAR2_802280,1,1
CPAR2_802290,1,1
CPAR2_802300,1,1
CPAR2_802310,1,1
CPAR2_802320,1,1
CPAR2_802330,1,1
CPAR2_802340,1,1
CPAR2_802350,1,1
CPAR2_802360,1,1
CPAR2_802370,1,1
CPAR2_802380,1,1
CPAR2_802390,1,1
CPAR2_802400,1,1
CPAR2_802410,1,1
CPAR2_802420,1,1
CPAR2_802430,1,1
CPAR2_802440,1,1
CPAR2_802450,1,1
CPAR2_802460,1,1
CPAR2_802470,1,1
CPAR2_802480,1,1
CPAR2_802490,1,1
CPAR2_802500,1,1
CPAR2_802510,1,1
CPAR2_802520,1,1
CPAR2_802530,1,1
CPAR2_802540,1,1
CPAR2_802550,1,1
CPAR2_802560,1,1
CPAR2_802570,1,1
CPAR2_802580,1,1
CPAR2_802590,1,1
CPAR2_802600,1,1
CPAR2_802610,1,1
CPAR2_802620,1,1
CPAR2_802630,1,1
CPAR2_802640,1,1
CPAR2_802650,1,1
CPAR2_802660,1,1
CPAR2_802670,1,1
CPAR2_802680,1,1
CPAR2_802690,1,1
CPAR2_802700,1,1
CPAR2_802710,1,1
CPAR2_802720,1,1
CPAR2_802730,1,1
CPAR2_802740,1,1
CPAR2_802750,1,1
CPAR2_802760,1,1
CPAR2_802770,1,1
CPAR2_802780,1,1
CPAR2_802790,1,1
CPAR2_802800,1,1
CPAR2_802810,1,1
CPAR2_802820,1,1
CPAR2_802830,1,1
CPAR2_802840,1,1
CPAR2_802850,1,1
CPAR2_802860,1,1
CPAR2_802870,1,1
CPAR2_802880,1,1
CPAR2_802890,1,1
CPAR2_802900,1,1
CPAR2_802910,1,1
CPAR2_802920,1,1
CPAR2_802930,1,1
CPAR2_802940,1,1
CPAR2_802950,1,1
CPAR2_802960,1,1
CPAR2_802970,1,1
CPAR2_802980,1,1
CPAR2_802990,1,1
CPAR2_803010,1,1
CPAR2_803020,1,1
CPAR2_803030,0,1
CPAR2_803040,1,1
CPAR2_803050,1,1
CPAR2_803060,1,1
CPAR2_803070,1,1
CPAR2_803080,1,1
CPAR2_803090,1,1
CPAR2_803100,1,1
CPAR2_803110,1,1
CPAR2_803120,1,1
CPAR2_803130,1,1
CPAR2_803140,1,1
CPAR2_803150,1,1
CPAR2_803160,1,1
CPAR2_803170,1,1
CPAR2_803180,1,1
CPAR2_803190,1,1
CPAR2_803200,1,1
CPAR2_803210,1,1
CPAR2_803220,1,1
CPAR2_803230,1,1
CPAR2_803240,1,1
CPAR2_803245,1,1
CPAR2_803250,1,1
CPAR2_803260,1,1
CPAR2_803270,1,1
CPAR2_803280,1,1
CPAR2_803290,1,1
CPAR2_803300,1,1
CPAR2_803310,1,1
CPAR2_803320,1,1
CPAR2_803330,1,1
CPAR2_803340,1,1
CPAR2_803350,1,1
CPAR2_803360,1,1
CPAR2_803370,1,1
CPAR2_803380,1,1
CPAR2_803390,1,1
CPAR2_803400,1,1
CPAR2_803410,1,1
CPAR2_803420,0,0
CPAR2_803430,1,1
CPAR2_803440,1,1
CPAR2_803450,1,1
CPAR2_803460,1,1
CPAR2_803470,1,1
CPAR2_803480,1,1
CPAR2_803490,1,1
CPAR2_803500,1,1
CPAR2_803510,1,1
CPAR2_803520,1,1
CPAR2_803530,1,1
CPAR2_803540,1,1
CPAR2_803550,1,1
CPAR2_803560,1,1
CPAR2_803570,1,1
CPAR2_803580,1,1
CPAR2_803590,1,1
CPAR2_803600,1,1
CPAR2_803610,1,1
CPAR2_803620,1,1
CPAR2_803630,1,1
CPAR2_803640,1,1
CPAR2_803650,1,1
CPAR2_803660,1,1
CPAR2_803670,1,1
CPAR2_803680,1,1
CPAR2_803690,1,1
CPAR2_803700,1,1
CPAR2_803710,1,1
CPAR2_803720,1,1
CPAR2_803730,1,1
CPAR2_803740,1,1
CPAR2_803750,1,1
CPAR2_803760,1,1
CPAR2_803770,1,1
CPAR2_803780,1,1
CPAR2_803790,1,1
CPAR2_803800,1,1
CPAR2_803810,1,1
CPAR2_803820,1,1
CPAR2_803830,1,1
CPAR2_803850,1,1
CPAR2_803860,1,1
CPAR2_803870,1,1
CPAR2_803880,1,1
CPAR2_803890,1,1
CPAR2_803900,1,1
CPAR2_803910,1,1
CPAR2_803920,1,1
CPAR2_803930,1,1
CPAR2_803940,1,1
CPAR2_803950,1,1
CPAR2_803960,1,1
CPAR2_803970,1,1
CPAR2_803980,1,1
CPAR2_803990,1,1
CPAR2_804000,1,1
CPAR2_804010,1,1
CPAR2_804020,1,0
CPAR2_804030,1,1
CPAR2_804040,1,1
CPAR2_804050,1,1
CPAR2_804060,1,1
CPAR2_804070,1,1
CPAR2_804080,1,1
CPAR2_804090,1,1
CPAR2_804100,1,1
CPAR2_804110,1,1
CPAR2_804120,1,1
CPAR2_804130,1,1
CPAR2_804140,0,0
CPAR2_804150,1,1
CPAR2_804160,1,1
CPAR2_804170,1,1
CPAR2_804180,1,1
CPAR2_804190,1,1
CPAR2_804200,1,1
CPAR2_804210,1,1
CPAR2_804220,1,1
CPAR2_804230,1,1
CPAR2_804240,1,1
CPAR2_804250,1,1
CPAR2_804260,1,1
CPAR2_804270,1,1
CPAR2_804280,1,1
CPAR2_804290,1,1
CPAR2_804300,1,1
CPAR2_804310,1,1
CPAR2_804320,0,1
CPAR2_804330,1,1
CPAR2_804340,1,1
CPAR2_804350,1,1
CPAR2_804360,1,1
CPAR2_804370,1,1
CPAR2_804380,1,1
CPAR2_804390,1,1
CPAR2_804400,1,1
CPAR2_804410,1,1
CPAR2_804420,1,1
CPAR2_804430,1,1
CPAR2_804440,1,1
CPAR2_804450,1,1
CPAR2_804460,1,1
CPAR2_804470,1,1
CPAR2_804490,1,1
CPAR2_804500,1,1
CPAR2_804510,1,1
CPAR2_804520,1,1
CPAR2_804530,1,1
CPAR2_804540,1,1
CPAR2_804550,1,1
CPAR2_804560,1,1
CPAR2_804570,1,1
CPAR2_804580,1,1
CPAR2_804585,1,1
CPAR2_804590,1,1
CPAR2_804600,1,1
CPAR2_804610,1,1
CPAR2_804620,1,1
CPAR2_804630,1,1
CPAR2_804640,1,1
CPAR2_804650,1,1
CPAR2_804660,1,1
CPAR2_804670,1,1
CPAR2_804680,1,1
CPAR2_804690,1,1
CPAR2_804700,1,1
CPAR2_804710,1,1
CPAR2_804720,1,1
CPAR2_804730,1,1
CPAR2_804740,1,1
CPAR2_804750,1,1
CPAR2_804760,1,1
CPAR2_804770,1,1
CPAR2_804780,1,1
CPAR2_804790,1,1
CPAR2_804800,1,1
CPAR2_804810,1,1
CPAR2_804820,1,1
CPAR2_804830,1,1
CPAR2_804840,1,1
CPAR2_804850,1,1
CPAR2_804860,1,1
CPAR2_804870,1,1
CPAR2_804880,1,1
CPAR2_804890,1,1
CPAR2_804900,1,1
CPAR2_804910,1,1
CPAR2_804920,0,0
CPAR2_804930,1,1
CPAR2_804940,1,1
CPAR2_804950,1,1
CPAR2_804960,1,1
CPAR2_804970,1,1
CPAR2_804980,1,1
CPAR2_804990,1,1
CPAR2_805000,1,1
CPAR2_805010,1,1
CPAR2_805020,1,1
CPAR2_805030,1,1
CPAR2_805040,1,1
CPAR2_805050,1,1
CPAR2_805060,1,1
CPAR2_805070,1,1
CPAR2_805080,1,1
CPAR2_805090,1,1
CPAR2_805100,1,1
CPAR2_805110,1,1
CPAR2_805120,1,1
CPAR2_805130,1,1
CPAR2_805140,1,1
CPAR2_805150,1,1
CPAR2_805160,1,1
CPAR2_805170,1,1
CPAR2_805180,1,1
CPAR2_805190,1,1
CPAR2_805200,1,1
CPAR2_805210,1,1
CPAR2_805220,1,1
CPAR2_805230,1,1
CPAR2_805240,1,1
CPAR2_805250,1,1
CPAR2_805260,1,1
CPAR2_805270,1,1
CPAR2_805280,1,1
CPAR2_805290,1,1
CPAR2_805300,1,1
CPAR2_805310,1,1
CPAR2_805320,1,1
CPAR2_805330,1,1
CPAR2_805340,1,1
CPAR2_805350,1,1
CPAR2_805360,1,1
CPAR2_805370,1,1
CPAR2_805380,1,1
CPAR2_805390,1,1
CPAR2_805400,1,1
CPAR2_805410,0,0
CPAR2_805420,1,1
CPAR2_805430,1,1
CPAR2_805440,1,1
CPAR2_805450,1,1
CPAR2_805460,1,1
CPAR2_805470,1,1
CPAR2_805480,1,1
CPAR2_805490,1,1
CPAR2_805500,1,1
CPAR2_805510,1,1
CPAR2_805520,1,1
CPAR2_805530,1,1
CPAR2_805540,1,1
CPAR2_805550,1,1
CPAR2_805560,1,1
CPAR2_805570,1,1
CPAR2_805580,1,1
CPAR2_805590,1,1
CPAR2_805600,1,1
CPAR2_805610,1,1
CPAR2_805620,1,1
CPAR2_805630,1,1
CPAR2_805640,1,1
CPAR2_805650,1,1
CPAR2_805660,1,1
CPAR2_805670,1,1
CPAR2_805680,1,1
CPAR2_805690,1,1
CPAR2_805700,1,1
CPAR2_805710,1,1
CPAR2_805720,1,1
CPAR2_805730,1,1
CPAR2_805740,1,1
CPAR2_805750,1,1
CPAR2_805760,1,1
CPAR2_805770,1,1
CPAR2_805780,1,1
CPAR2_805790,1,1
CPAR2_805800,1,1
CPAR2_805810,1,1
CPAR2_805820,1,1
CPAR2_805830,1,1
CPAR2_805840,1,1
CPAR2_805850,1,1
CPAR2_805860,1,1
CPAR2_805870,1,1
CPAR2_805880,1,1
CPAR2_805890,1,1
CPAR2_805900,1,1
CPAR2_805910,1,1
CPAR2_805920,0,0
CPAR2_805930,1,1
CPAR2_805940,1,1
CPAR2_805950,1,1
CPAR2_805960,1,1
CPAR2_805970,1,1
CPAR2_805980,1,1
CPAR2_805990,1,1
CPAR2_806000,1,1
CPAR2_806010,1,1
CPAR2_806020,1,1
CPAR2_806030,1,1
CPAR2_806040,1,1
CPAR2_806050,1,1
CPAR2_806070,1,1
CPAR2_806080,1,1
CPAR2_806090,1,1
CPAR2_806100,1,1
CPAR2_806110,1,1
CPAR2_806120,1,1
CPAR2_806130,1,1
CPAR2_806140,1,1
CPAR2_806150,1,1
CPAR2_806160,1,1
CPAR2_806170,1,1
CPAR2_806180,1,1
CPAR2_806190,1,1
CPAR2_806200,1,1
CPAR2_806210,1,1
CPAR2_806220,1,1
CPAR2_806230,1,1
CPAR2_806240,1,1
CPAR2_806250,1,1
CPAR2_806260,1,1
CPAR2_806270,1,1
CPAR2_806280,1,1
CPAR2_806290,1,1
CPAR2_806300,1,1
CPAR2_806310,1,1
CPAR2_806320,1,1
CPAR2_806330,0,0
CPAR2_806340,1,1
CPAR2_806350,1,1
CPAR2_806360,1,1
CPAR2_806370,1,1
CPAR2_806380,1,1
CPAR2_806390,0,0
CPAR2_806400,0,0
CPAR2_806410,0,0
CPAR2_806420,0,0
CPAR2_806430,1,1
CPAR2_806440,1,1
CPAR2_806450,1,1
CPAR2_806460,1,1
CPAR2_806470,1,1
CPAR2_806480,1,1
CPAR2_806490,0,1
CPAR2_806500,1,1
CPAR2_806510,1,1
CPAR2_806520,1,1
CPAR2_806530,1,1
CPAR2_806540,1,1
CPAR2_806550,1,1
CPAR2_806560,1,1
CPAR2_806570,1,1
CPAR2_806580,1,1
CPAR2_806590,1,1
CPAR2_806600,1,1
CPAR2_806610,1,1
CPAR2_806620,1,1
CPAR2_806630,1,0
CPAR2_806640,1,1
CPAR2_806650,1,1
CPAR2_806660,1,1
CPAR2_806670,1,1
CPAR2_806680,1,1
CPAR2_806690,1,1
CPAR2_806700,1,1
CPAR2_806710,1,1
CPAR2_806720,1,1
CPAR2_806730,1,1
CPAR2_806740,1,1
CPAR2_806750,1,1
CPAR2_806760,1,1
CPAR2_806770,1,1
CPAR2_806780,1,1
CPAR2_806790,1,1
CPAR2_806800,1,1
CPAR2_806810,1,1
CPAR2_806820,1,1
CPAR2_806830,1,1
CPAR2_806840,1,1
CPAR2_806850,1,1
CPAR2_806860,1,1
CPAR2_806870,1,1
CPAR2_806880,1,1
CPAR2_806890,1,1
CPAR2_806900,1,1
CPAR2_806910,1,1
CPAR2_806920,1,1
CPAR2_806930,1,1
CPAR2_806940,1,1
CPAR2_806950,1,1
CPAR2_806960,1,1
CPAR2_806970,1,1
CPAR2_806980,1,1
CPAR2_806990,1,1
CPAR2_807000,1,1
CPAR2_807010,1,1
CPAR2_807020,1,1
CPAR2_807030,1,1
CPAR2_807040,1,1
CPAR2_807050,1,1
CPAR2_807060,1,1
CPAR2_807070,1,1
CPAR2_807080,1,1
CPAR2_807090,1,1
CPAR2_807100,1,1
CPAR2_807110,1,1
CPAR2_807120,1,1
CPAR2_807130,1,1
CPAR2_807140,1,1
CPAR2_807150,1,1
CPAR2_807160,1,1
CPAR2_807170,1,1
CPAR2_807180,1,1
CPAR2_807190,1,1
CPAR2_807200,1,1
CPAR2_807210,1,1
CPAR2_807220,1,1
CPAR2_807230,1,1
CPAR2_807240,1,1
CPAR2_807250,1,1
CPAR2_807260,1,1
CPAR2_807270,1,1
CPAR2_807280,1,1
CPAR2_807290,1,1
CPAR2_807300,1,1
CPAR2_807310,1,1
CPAR2_807320,1,1
CPAR2_807330,1,1
CPAR2_807340,1,1
CPAR2_807350,1,1
CPAR2_807360,1,1
CPAR2_807370,1,1
CPAR2_807380,1,1
CPAR2_807390,1,1
CPAR2_807400,1,1
CPAR2_807410,1,1
CPAR2_807420,1,1
CPAR2_807430,1,1
CPAR2_807440,1,1
CPAR2_807450,1,1
CPAR2_807460,1,1
CPAR2_807470,1,1
CPAR2_807480,1,1
CPAR2_807490,1,1
CPAR2_807500,1,1
CPAR2_807510,1,1
CPAR2_807520,1,1
CPAR2_807530,1,1
CPAR2_807540,1,1
CPAR2_807550,1,1
CPAR2_807560,1,1
CPAR2_807570,1,1
CPAR2_807580,1,1
CPAR2_807590,1,1
CPAR2_807600,1,1
CPAR2_807610,1,1
CPAR2_807620,1,1
CPAR2_807630,1,1
CPAR2_807640,1,1
CPAR2_807650,1,1
CPAR2_807660,1,1
CPAR2_807670,1,1
CPAR2_807680,1,1
CPAR2_807690,1,1
CPAR2_807700,1,1
CPAR2_807710,1,1
CPAR2_807720,1,1
CPAR2_807730,1,1
CPAR2_807740,1,1
CPAR2_807750,1,1
CPAR2_807760,1,1
CPAR2_807770,1,1
CPAR2_807780,1,1
CPAR2_807790,1,1
CPAR2_807800,1,1
CPAR2_807810,1,1
CPAR2_807820,1,1
CPAR2_807830,1,1
CPAR2_807840,1,1
CPAR2_807850,1,1
CPAR2_807860,1,1
CPAR2_807870,1,1
CPAR2_807880,1,1
CPAR2_807890,1,1
CPAR2_807900,1,1
CPAR2_807910,1,1
CPAR2_807920,1,1
CPAR2_807930,1,1
CPAR2_807940,1,1
CPAR2_807950,1,1
CPAR2_807960,1,1
CPAR2_807970,0,0
CPAR2_807980,1,1
CPAR2_807990,1,1
CPAR2_808000,1,1
CPAR2_808010,1,1
CPAR2_808020,1,1
CPAR2_808030,1,1
CPAR2_808040,1,1
CPAR2_808050,1,1
CPAR2_808060,1,1
CPAR2_808070,1,1
CPAR2_808080,0,0
CPAR2_808090,1,1
CPAR2_808100,1,1
CPAR2_808110,1,1
CPAR2_808120,1,1
CPAR2_808130,1,1
CPAR2_808140,1,1
CPAR2_808150,1,1
CPAR2_808160,1,1
CPAR2_808170,1,1
CPAR2_808180,1,1
CPAR2_808190,1,1
CPAR2_808200,1,1
CPAR2_808210,1,1
CPAR2_808220,0,0
CPAR2_808230,1,1
CPAR2_808240,1,1
CPAR2_808250,1,1
CPAR2_808260,1,1
CPAR2_808270,1,1
CPAR2_808280,0,1
CPAR2_808290,1,1
CPAR2_808300,1,1
CPAR2_808310,1,1
CPAR2_808320,1,1
CPAR2_808330,1,1
CPAR2_808340,1,1
CPAR2_808350,1,1
CPAR2_808360,1,1
CPAR2_808370,1,1
CPAR2_808380,1,1
CPAR2_808390,1,1
CPAR2_808400,1,1
CPAR2_808410,1,1
CPAR2_808420,1,1
CPAR2_808430,1,1
CPAR2_808440,1,1
CPAR2_808450,1,1
CPAR2_808460,1,1
CPAR2_808470,1,1
CPAR2_808480,1,1
CPAR2_808490,1,1
CPAR2_808500,1,1
CPAR2_808510,1,1
CPAR2_808520,1,1
CPAR2_808530,1,1
CPAR2_808540,1,1
CPAR2_808550,1,1
CPAR2_808560,1,1
CPAR2_808570,1,1
CPAR2_808580,1,1
CPAR2_808590,1,1
CPAR2_808600,1,1
CPAR2_808610,1,1
CPAR2_808620,1,1
CPAR2_808630,0,0
CPAR2_808640,1,1
CPAR2_808650,1,1
CPAR2_808660,1,1
CPAR2_808670,1,1
CPAR2_808680,1,1
CPAR2_808690,1,1
CPAR2_808700,1,1
CPAR2_808710,1,1
CPAR2_808720,1,1
CPAR2_808730,1,1
CPAR2_808740,1,1
CPAR2_808750,1,1
CPAR2_808760,1,1
CPAR2_808770,1,1
CPAR2_808780,1,1
CPAR2_808790,1,1
CPAR2_808800,1,1
CPAR2_808810,1,1
CPAR2_808820,1,1
CPAR2_808830,1,1
CPAR2_808840,1,1
CPAR2_808850,1,1
CPAR2_808860,1,1
CPAR2_808870,1,1
CPAR2_808880,1,1
CPAR2_808890,1,1
CPAR2_808900,1,1
CPAR2_808910,1,1
CPAR2_808920,1,1
CPAR2_808930,1,1
CPAR2_808940,1,1
CPAR2_808950,1,1
CPAR2_808960,1,1
CPAR2_808970,1,1
CPAR2_808980,1,1
CPAR2_808990,1,1
CPAR2_809000,0,1
CPAR2_809010,0,0
CPAR2_809020,1,1
CPAR2_809030,1,1
CPAR2_809040,1,1
CPAR2_809050,1,1
CPAR2_809060,1,1
CPAR2_300020,1,0
CPAR2_300030,0,0
CPAR2_300040,1,1
CPAR2_300050,1,1
CPAR2_300060,0,0
CPAR2_300070,1,1
CPAR2_300080,1,1
CPAR2_300090,1,1
CPAR2_300100,1,1
CPAR2_300110,0,0
CPAR2_300120,0,0
CPAR2_300130,1,1
CPAR2_300140,1,1
CPAR2_300150,1,1
CPAR2_300160,1,1
CPAR2_300170,1,1
CPAR2_300180,1,1
CPAR2_300190,1,1
CPAR2_300200,1,1
CPAR2_300210,1,1
CPAR2_300220,1,1
CPAR2_300230,1,1
CPAR2_300240,1,1
CPAR2_300250,1,1
CPAR2_300260,1,1
CPAR2_300270,1,1
CPAR2_300280,1,1
CPAR2_300290,1,1
CPAR2_300300,1,1
CPAR2_300310,1,1
CPAR2_300320,1,1
CPAR2_300330,1,1
CPAR2_300340,1,1
CPAR2_300350,1,1
CPAR2_300360,1,1
CPAR2_300370,1,1
CPAR2_300380,1,1
CPAR2_300390,1,1
CPAR2_300400,1,1
CPAR2_300410,1,1
CPAR2_300420,1,1
CPAR2_300430,1,1
CPAR2_300440,1,1
CPAR2_300450,1,1
CPAR2_300460,1,1
CPAR2_300470,1,1
CPAR2_300480,1,1
CPAR2_300490,1,1
CPAR2_300500,1,1
CPAR2_300510,1,1
CPAR2_300520,1,1
CPAR2_300530,1,1
CPAR2_300540,1,1
CPAR2_300550,1,1
CPAR2_300560,1,1
CPAR2_300570,1,1
CPAR2_300580,1,1
CPAR2_300590,1,1
CPAR2_300600,1,1
CPAR2_300610,1,1
CPAR2_300620,1,1
CPAR2_300630,1,1
CPAR2_300640,1,1
CPAR2_300650,1,1
CPAR2_300660,1,1
CPAR2_300670,1,1
CPAR2_300680,1,1
CPAR2_300690,1,1
CPAR2_300700,1,1
CPAR2_300710,1,1
CPAR2_300720,1,1
CPAR2_300730,1,1
CPAR2_300740,1,1
CPAR2_300750,1,1
CPAR2_300760,1,1
CPAR2_300770,1,1
CPAR2_300780,1,1
CPAR2_300790,1,1
CPAR2_300800,1,1
CPAR2_300810,1,1
CPAR2_300820,1,1
CPAR2_300830,0,0
CPAR2_300840,1,1
CPAR2_300850,1,1
CPAR2_300860,1,1
CPAR2_300870,1,1
CPAR2_300880,1,1
CPAR2_300890,1,1
CPAR2_300900,1,1
CPAR2_300910,1,1
CPAR2_300920,1,1
CPAR2_300930,1,1
CPAR2_300940,1,1
CPAR2_300950,1,1
CPAR2_300960,1,1
CPAR2_300970,1,1
CPAR2_300980,1,1
CPAR2_300990,1,1
CPAR2_301000,1,1
CPAR2_301010,1,1
CPAR2_301020,1,1
CPAR2_301030,0,0
CPAR2_301040,1,1
CPAR2_301050,1,1
CPAR2_301060,1,1
CPAR2_301070,1,1
CPAR2_301080,0,0
CPAR2_301090,1,1
CPAR2_301100,1,1
CPAR2_301110,1,1
CPAR2_301120,1,1
CPAR2_301130,1,1
CPAR2_301140,1,1
CPAR2_301150,1,1
CPAR2_301160,1,1
CPAR2_301170,1,1
CPAR2_301180,1,1
CPAR2_301190,1,1
CPAR2_301200,1,1
CPAR2_301210,1,1
CPAR2_301220,1,1
CPAR2_301230,1,1
CPAR2_301240,1,1
CPAR2_301250,1,1
CPAR2_301260,1,1
CPAR2_301270,1,1
CPAR2_301280,1,1
CPAR2_301290,0,0
CPAR2_301300,0,0
CPAR2_301310,0,0
CPAR2_301320,0,0
CPAR2_301330,0,0
CPAR2_301340,1,1
CPAR2_301350,1,1
CPAR2_301360,1,1
CPAR2_301370,1,1
CPAR2_301380,1,1
CPAR2_301390,1,1
CPAR2_301400,1,1
CPAR2_301410,1,1
CPAR2_301420,1,1
CPAR2_301430,1,1
CPAR2_301440,1,0
CPAR2_301450,1,1
CPAR2_301460,1,1
CPAR2_301470,1,1
CPAR2_301480,1,1
CPAR2_301490,1,1
CPAR2_301500,1,1
CPAR2_301510,1,1
CPAR2_301520,1,1
CPAR2_301530,1,1
CPAR2_301540,1,1
CPAR2_301550,1,1
CPAR2_301560,1,1
CPAR2_301570,1,1
CPAR2_301580,1,1
CPAR2_301600,1,1
CPAR2_301610,1,1
CPAR2_301620,1,1
CPAR2_301630,1,1
CPAR2_301640,1,1
CPAR2_301650,1,1
CPAR2_301660,1,1
CPAR2_301670,1,1
CPAR2_301680,1,1
CPAR2_301690,1,1
CPAR2_301700,1,1
CPAR2_301710,1,1
CPAR2_301720,1,1
CPAR2_301730,1,1
CPAR2_301740,1,1
CPAR2_301750,1,1
CPAR2_301760,1,1
CPAR2_301770,1,1
CPAR2_301780,1,1
CPAR2_301790,1,1
CPAR2_301800,1,1
CPAR2_301810,1,1
CPAR2_301820,1,1
CPAR2_301830,1,1
CPAR2_301840,1,1
CPAR2_301850,1,1
CPAR2_301860,1,0
CPAR2_301870,1,0
CPAR2_301880,1,1
CPAR2_301890,0,0
CPAR2_301900,1,1
CPAR2_301910,1,1
CPAR2_301920,1,1
CPAR2_301930,1,1
CPAR2_301940,1,1
CPAR2_301950,1,1
CPAR2_301960,1,1
CPAR2_301970,1,1
CPAR2_301980,1,1
CPAR2_301990,1,1
CPAR2_302000,0,0
CPAR2_302010,1,1
CPAR2_302020,1,1
CPAR2_302030,1,1
CPAR2_302040,1,1
CPAR2_302050,1,1
CPAR2_302060,1,1
CPAR2_302070,1,1
CPAR2_302080,1,1
CPAR2_302090,1,1
CPAR2_302100,0,0
CPAR2_302110,1,1
CPAR2_302120,1,1
CPAR2_302130,0,0
CPAR2_302140,1,1
CPAR2_302150,1,1
CPAR2_302160,1,1
CPAR2_302170,1,1
CPAR2_302180,1,1
CPAR2_302190,1,1
CPAR2_302200,0,0
CPAR2_302210,1,1
CPAR2_302220,1,1
CPAR2_302230,1,1
CPAR2_302240,1,1
CPAR2_302250,1,1
CPAR2_302260,1,1
CPAR2_302270,1,1
CPAR2_302280,1,1
CPAR2_302290,1,1
CPAR2_302300,1,1
CPAR2_302310,1,1
CPAR2_302320,1,1
CPAR2_302330,1,1
CPAR2_302340,1,1
CPAR2_302350,1,1
CPAR2_302360,1,1
CPAR2_302370,1,1
CPAR2_302380,1,1
CPAR2_302390,1,1
CPAR2_302400,1,1
CPAR2_302410,1,1
CPAR2_302420,1,1
CPAR2_302430,1,1
CPAR2_302440,1,1
CPAR2_302450,1,1
CPAR2_302460,1,1
CPAR2_302470,1,1
CPAR2_302480,1,1
CPAR2_302490,1,1
CPAR2_302500,1,1
CPAR2_302510,1,1
CPAR2_302520,1,1
CPAR2_302530,1,1
CPAR2_302540,1,1
CPAR2_302550,1,1
CPAR2_302555,1,1
CPAR2_302560,1,1
CPAR2_302570,1,1
CPAR2_302580,1,1
CPAR2_302590,0,0
CPAR2_302600,1,1
CPAR2_302610,1,1
CPAR2_302620,0,0
CPAR2_302630,1,1
CPAR2_302640,1,1
CPAR2_302650,1,1
CPAR2_302660,1,1
CPAR2_302670,1,1
CPAR2_302680,1,1
CPAR2_302690,1,1
CPAR2_302700,1,1
CPAR2_302710,1,1
CPAR2_302730,1,0
CPAR2_302740,1,1
CPAR2_302750,1,1
CPAR2_302760,1,1
CPAR2_302770,1,1
CPAR2_302780,1,1
CPAR2_302790,1,1
CPAR2_302800,1,1
CPAR2_302810,1,1
CPAR2_302820,0,0
CPAR2_302830,1,1
CPAR2_302840,1,1
CPAR2_302850,1,1
CPAR2_302860,1,1
CPAR2_302880,1,1
CPAR2_302890,1,1
CPAR2_302900,1,1
CPAR2_302910,1,1
CPAR2_302920,1,1
CPAR2_302930,1,1
CPAR2_302940,1,1
CPAR2_302950,1,1
CPAR2_302960,1,1
CPAR2_302970,1,1
CPAR2_302980,1,1
CPAR2_302990,1,1
CPAR2_303000,1,1
CPAR2_303010,1,1
CPAR2_303020,1,1
CPAR2_303030,1,1
CPAR2_303040,1,1
CPAR2_303050,1,1
CPAR2_303060,1,1
CPAR2_303070,1,1
CPAR2_303080,1,1
CPAR2_303090,1,1
CPAR2_303100,1,1
CPAR2_303110,1,1
CPAR2_303120,1,1
CPAR2_303130,1,1
CPAR2_303140,1,1
CPAR2_303150,1,1
CPAR2_303160,1,1
CPAR2_303170,1,1
CPAR2_303180,1,1
CPAR2_303190,1,1
CPAR2_303200,1,1
CPAR2_303210,1,1
CPAR2_303220,1,1
CPAR2_303230,1,1
CPAR2_303240,1,1
CPAR2_303250,1,1
CPAR2_303260,1,1
CPAR2_303270,1,1
CPAR2_303280,1,1
CPAR2_303290,1,1
CPAR2_303300,1,1
CPAR2_303310,1,1
CPAR2_303320,1,1
CPAR2_303330,1,1
CPAR2_303340,1,1
CPAR2_303350,1,1
CPAR2_303360,1,1
CPAR2_303370,1,1
CPAR2_303380,1,1
CPAR2_303390,1,1
CPAR2_303400,1,1
CPAR2_303410,1,1
CPAR2_303420,1,1
CPAR2_303430,1,1
CPAR2_303440,1,1
CPAR2_303450,1,1
CPAR2_303460,1,1
CPAR2_303470,1,1
CPAR2_303480,1,1
CPAR2_303490,1,1
CPAR2_303500,1,1
CPAR2_303510,1,1
CPAR2_303520,1,1
CPAR2_303530,1,1
CPAR2_303540,1,1
CPAR2_303550,1,1
CPAR2_303560,1,1
CPAR2_303570,1,1
CPAR2_303580,1,1
CPAR2_303590,0,0
CPAR2_303610,1,1
CPAR2_303620,1,1
CPAR2_303630,1,1
CPAR2_303640,1,1
CPAR2_303650,1,1
CPAR2_303660,1,1
CPAR2_303670,1,1
CPAR2_303680,1,1
CPAR2_303690,1,1
CPAR2_303700,1,1
CPAR2_303710,1,1
CPAR2_303720,1,1
CPAR2_303730,1,1
CPAR2_303740,1,1
CPAR2_303750,1,1
CPAR2_303760,1,1
CPAR2_303770,1,1
CPAR2_303780,1,1
CPAR2_303790,0,0
CPAR2_303800,0,0
CPAR2_303810,1,1
CPAR2_303820,1,1
CPAR2_303830,1,1
CPAR2_303840,1,1
CPAR2_303850,1,1
CPAR2_303860,1,1
CPAR2_303870,1,1
CPAR2_303880,1,1
CPAR2_303890,1,1
CPAR2_303900,1,1
CPAR2_303910,1,1
CPAR2_303920,1,1
CPAR2_303930,1,1
CPAR2_303940,1,1
CPAR2_303950,1,1
CPAR2_303960,1,1
CPAR2_303970,1,1
CPAR2_303980,1,1
CPAR2_303990,1,1
CPAR2_304000,1,1
CPAR2_304010,1,1
CPAR2_304020,1,1
CPAR2_304030,1,1
CPAR2_304040,1,1
CPAR2_304050,1,1
CPAR2_304060,1,1
CPAR2_304070,1,1
CPAR2_304080,1,1
CPAR2_304090,1,1
CPAR2_304100,1,1
CPAR2_304110,1,1
CPAR2_304120,1,1
CPAR2_304130,1,1
CPAR2_304140,1,1
CPAR2_304150,1,1
CPAR2_304160,1,1
CPAR2_304170,1,1
CPAR2_304180,1,1
CPAR2_304190,1,1
CPAR2_304200,1,1
CPAR2_304210,1,1
CPAR2_304220,1,1
CPAR2_304230,1,1
CPAR2_304240,1,1
CPAR2_304250,1,1
CPAR2_304260,1,1
CPAR2_304270,1,1
CPAR2_304280,1,1
CPAR2_304290,1,1
CPAR2_304300,1,1
CPAR2_304310,1,1
CPAR2_304320,1,1
CPAR2_304330,1,1
CPAR2_304340,0,0
CPAR2_304350,1,1
CPAR2_304360,1,1
CPAR2_304370,1,1
CPAR2_100020,1,1
CPAR2_100030,1,1
CPAR2_100040,1,1
CPAR2_100050,1,1
CPAR2_100060,1,1
CPAR2_100070,1,1
CPAR2_100080,1,1
CPAR2_100090,1,1
CPAR2_100100,1,1
CPAR2_100110,1,1
CPAR2_100120,1,1
CPAR2_100130,1,1
CPAR2_100140,1,1
CPAR2_100150,1,1
CPAR2_100160,1,1
CPAR2_100170,1,1
CPAR2_100180,1,1
CPAR2_100190,1,1
CPAR2_100200,1,1
CPAR2_100210,1,1
CPAR2_100220,1,1
CPAR2_100230,1,1
CPAR2_100240,1,1
CPAR2_100250,1,1
CPAR2_100260,1,1
CPAR2_100270,1,1
CPAR2_100280,1,1
CPAR2_100290,1,1
CPAR2_100300,1,1
CPAR2_100320,1,1
CPAR2_100330,1,1
CPAR2_100340,1,1
CPAR2_100350,1,1
CPAR2_100360,1,1
CPAR2_100370,1,1
CPAR2_100380,1,1
CPAR2_100390,1,1
CPAR2_100400,1,1
CPAR2_100410,1,1
CPAR2_100420,1,1
CPAR2_100430,1,1
CPAR2_100440,1,1
CPAR2_100450,1,1
CPAR2_100460,1,1
CPAR2_100470,1,1
CPAR2_100480,1,1
CPAR2_100490,1,1
CPAR2_100500,1,1
CPAR2_100510,1,1
CPAR2_100520,1,1
CPAR2_100530,1,1
CPAR2_100540,1,1
CPAR2_100550,1,1
CPAR2_100560,1,1
CPAR2_100565,1,1
CPAR2_100570,1,1
CPAR2_100580,1,1
CPAR2_100590,1,1
CPAR2_100600,0,0
CPAR2_100610,1,1
CPAR2_100620,1,1
CPAR2_100630,1,1
CPAR2_100640,1,1
CPAR2_100650,1,1
CPAR2_100660,1,1
CPAR2_100670,1,1
CPAR2_100680,1,1
CPAR2_100690,1,1
CPAR2_100700,1,1
CPAR2_100710,1,1
CPAR2_100720,1,1
CPAR2_100730,1,1
CPAR2_100740,1,1
CPAR2_100750,1,1
CPAR2_100760,1,1
CPAR2_100770,0,0
CPAR2_100780,0,0
CPAR2_100790,1,1
CPAR2_100800,1,1
CPAR2_100810,1,1
CPAR2_100820,1,1
CPAR2_100830,1,1
CPAR2_100840,1,1
CPAR2_100850,1,1
CPAR2_100870,1,1
CPAR2_100880,1,1
CPAR2_100890,1,1
CPAR2_100900,1,1
CPAR2_100910,1,1
CPAR2_100920,1,1
CPAR2_100930,1,1
CPAR2_100940,0,0
CPAR2_100950,1,1
CPAR2_100960,1,1
CPAR2_100970,1,1
CPAR2_100980,1,1
CPAR2_100990,1,1
CPAR2_101000,1,1
CPAR2_101010,1,1
CPAR2_101020,1,1
CPAR2_101030,1,1
CPAR2_101040,1,1
CPAR2_101050,1,1
CPAR2_101060,1,1
CPAR2_101070,1,1
CPAR2_101080,1,1
CPAR2_101090,1,1
CPAR2_101100,1,1
CPAR2_101110,1,1
CPAR2_101120,1,1
CPAR2_101130,1,1
CPAR2_101140,1,1
CPAR2_101150,1,1
CPAR2_101160,1,1
CPAR2_101170,1,1
CPAR2_101180,1,1
CPAR2_101190,1,1
CPAR2_101200,1,1
CPAR2_101210,1,1
CPAR2_101220,1,1
CPAR2_101230,1,1
CPAR2_101240,1,1
CPAR2_101250,1,1
CPAR2_101260,1,1
CPAR2_101270,1,1
CPAR2_101280,1,1
CPAR2_101290,1,1
CPAR2_101300,1,1
CPAR2_101310,1,1
CPAR2_101320,1,1
CPAR2_101330,1,1
CPAR2_101340,1,1
CPAR2_101350,1,1
CPAR2_101360,1,1
CPAR2_101370,1,1
CPAR2_101380,1,1
CPAR2_101390,1,1
CPAR2_101400,1,1
CPAR2_101410,1,1
CPAR2_101420,1,1
CPAR2_101430,1,1
CPAR2_101440,1,1
CPAR2_101450,1,1
CPAR2_101460,1,1
CPAR2_101470,1,1
CPAR2_101480,1,1
CPAR2_101490,1,1
CPAR2_101500,1,1
CPAR2_101510,1,1
CPAR2_101520,1,1
CPAR2_101530,1,1
CPAR2_101540,1,1
CPAR2_101550,1,1
CPAR2_101560,1,1
CPAR2_101570,1,1
CPAR2_101580,1,1
CPAR2_101590,1,1
CPAR2_101600,1,1
CPAR2_101610,1,1
CPAR2_101620,1,1
CPAR2_101630,1,1
CPAR2_101640,0,0
CPAR2_101650,1,1
CPAR2_101660,1,1
CPAR2_101670,1,1
CPAR2_101680,1,1
CPAR2_101690,1,1
CPAR2_101700,1,1
CPAR2_101710,1,1
CPAR2_101720,1,1
CPAR2_101730,1,1
CPAR2_101740,1,1
CPAR2_101750,1,1
CPAR2_101760,1,1
CPAR2_101770,1,1
CPAR2_101780,1,1
CPAR2_101790,1,1
CPAR2_101800,1,1
CPAR2_101810,1,1
CPAR2_101820,1,1
CPAR2_101830,1,1
CPAR2_101840,1,1
CPAR2_101850,1,1
CPAR2_101860,1,1
CPAR2_101870,1,1
CPAR2_101880,1,1
CPAR2_101890,1,1
CPAR2_101900,1,1
CPAR2_101910,1,1
CPAR2_101920,1,1
CPAR2_101930,1,1
CPAR2_101940,1,1
CPAR2_101950,1,1
CPAR2_101960,1,1
CPAR2_101970,1,1
CPAR2_101980,1,1
CPAR2_101990,1,1
CPAR2_102000,1,1
CPAR2_102010,1,1
CPAR2_102020,1,1
CPAR2_102030,1,1
CPAR2_102040,1,1
CPAR2_102050,0,1
CPAR2_102060,1,1
CPAR2_102070,1,1
CPAR2_102080,1,1
CPAR2_102090,1,1
CPAR2_102100,1,1
CPAR2_102110,1,1
CPAR2_102120,1,1
CPAR2_102130,1,1
CPAR2_102140,1,1
CPAR2_102150,1,1
CPAR2_102160,1,1
CPAR2_102170,1,1
CPAR2_102180,1,1
CPAR2_102190,1,1
CPAR2_102200,1,1
CPAR2_102210,1,1
CPAR2_102220,1,1
CPAR2_102230,1,1
CPAR2_102240,1,1
CPAR2_102250,1,1
CPAR2_102260,1,1
CPAR2_102270,1,1
CPAR2_102280,1,1
CPAR2_102290,1,1
CPAR2_102300,1,1
CPAR2_102310,1,1
CPAR2_102320,1,1
CPAR2_102330,1,1
CPAR2_102340,1,1
CPAR2_102350,1,1
CPAR2_102360,1,1
CPAR2_102370,1,1
CPAR2_102380,0,0
CPAR2_102390,1,1
CPAR2_102400,1,1
CPAR2_102410,1,1
CPAR2_102420,1,1
CPAR2_102430,1,1
CPAR2_102440,0,0
CPAR2_102450,1,1
CPAR2_102460,1,1
CPAR2_102470,1,1
CPAR2_102480,1,1
CPAR2_102490,0,0
CPAR2_102500,1,1
CPAR2_102510,0,0
CPAR2_102520,0,0
CPAR2_102530,1,1
CPAR2_102540,1,1
CPAR2_102550,0,0
CPAR2_102560,1,1
CPAR2_102570,0,0
CPAR2_102580,1,1
CPAR2_102590,1,1
CPAR2_102600,1,1
CPAR2_102610,1,1
CPAR2_102620,1,1
CPAR2_102630,1,1
CPAR2_102640,1,1
CPAR2_102650,1,1
CPAR2_102660,1,1
CPAR2_102670,1,1
CPAR2_102680,1,1
CPAR2_102690,1,1
CPAR2_102700,1,1
CPAR2_102710,1,1
CPAR2_102720,1,1
CPAR2_102730,1,1
CPAR2_102740,1,1
CPAR2_102750,1,1
CPAR2_102760,1,1
CPAR2_102770,1,1
CPAR2_102780,1,1
CPAR2_102790,1,1
CPAR2_102800,1,1
CPAR2_102810,1,1
CPAR2_102820,1,1
CPAR2_102830,1,1
CPAR2_102840,1,1
CPAR2_102850,1,1
CPAR2_102860,1,1
CPAR2_102870,1,1
CPAR2_102880,1,1
CPAR2_102890,0,0
CPAR2_102900,1,1
CPAR2_102910,1,1
CPAR2_102920,1,1
CPAR2_102930,1,1
CPAR2_102940,1,1
CPAR2_102950,1,1
CPAR2_102960,1,1
CPAR2_102970,1,1
CPAR2_102980,1,1
CPAR2_102990,1,1
CPAR2_103000,1,1
CPAR2_103010,1,1
CPAR2_103020,1,1
CPAR2_103030,1,1
CPAR2_103040,0,0
CPAR2_103050,1,1
CPAR2_103060,1,1
CPAR2_103070,1,1
CPAR2_103080,1,1
CPAR2_103090,1,1
CPAR2_103100,0,0
CPAR2_103110,0,0
CPAR2_103120,1,1
CPAR2_103130,1,1
CPAR2_103140,0,0
CPAR2_103150,1,1
CPAR2_103160,1,1
CPAR2_103170,1,1
CPAR2_103180,1,1
CPAR2_103190,1,1
CPAR2_103210,1,1
CPAR2_103220,1,1
CPAR2_103230,1,1
CPAR2_103240,1,1
CPAR2_103250,1,1
CPAR2_103260,1,1
CPAR2_103270,1,1
CPAR2_103280,1,1
CPAR2_103290,1,1
CPAR2_103300,0,0
CPAR2_103310,1,1
CPAR2_103320,1,1
CPAR2_103330,0,0
CPAR2_103340,1,1
CPAR2_103350,1,1
CPAR2_103360,1,1
CPAR2_103370,1,1
CPAR2_103380,1,1
CPAR2_103390,0,0
CPAR2_103400,1,1
CPAR2_103410,1,1
CPAR2_103420,1,1
CPAR2_103430,1,1
CPAR2_103440,1,1
CPAR2_103450,1,1
CPAR2_103460,1,1
CPAR2_103470,1,1
CPAR2_103480,1,1
CPAR2_103490,1,1
CPAR2_103500,1,1
CPAR2_103510,1,1
CPAR2_103520,1,1
CPAR2_103530,1,1
CPAR2_103540,1,1
CPAR2_103550,1,1
CPAR2_103560,1,1
CPAR2_103570,1,1
CPAR2_103580,1,1
CPAR2_103590,1,1
CPAR2_103600,1,1
CPAR2_103610,1,1
CPAR2_103620,1,1
CPAR2_103630,1,1
CPAR2_103640,1,1
CPAR2_103650,1,1
CPAR2_103660,1,1
CPAR2_103670,1,1
CPAR2_103690,1,1
CPAR2_103700,1,1
CPAR2_103710,1,1
CPAR2_103720,1,1
CPAR2_103730,1,1
CPAR2_103740,1,1
CPAR2_103750,1,1
CPAR2_103760,1,1
CPAR2_103770,1,1
CPAR2_103780,1,1
CPAR2_103790,1,1
CPAR2_103800,1,1
CPAR2_103810,1,1
CPAR2_103820,1,1
CPAR2_103830,1,1
CPAR2_103840,1,1
CPAR2_103850,1,1
CPAR2_103860,1,1
CPAR2_103870,1,1
CPAR2_103880,1,1
CPAR2_103890,1,1
CPAR2_103900,1,1
CPAR2_103910,1,1
CPAR2_103920,1,1
CPAR2_103930,1,1
CPAR2_103940,1,1
CPAR2_103950,1,1
CPAR2_103960,1,1
CPAR2_103970,1,1
CPAR2_103980,1,1
CPAR2_103990,1,1
CPAR2_104000,1,1
CPAR2_104010,1,1
CPAR2_104020,1,1
CPAR2_104030,1,1
CPAR2_104040,1,1
CPAR2_104050,1,1
CPAR2_104060,1,1
CPAR2_104070,1,1
CPAR2_104080,1,1
CPAR2_104090,1,1
CPAR2_104100,1,1
CPAR2_104110,1,1
CPAR2_104120,1,1
CPAR2_104130,1,1
CPAR2_104135,1,1
CPAR2_104140,1,1
CPAR2_104150,1,1
CPAR2_104160,1,1
CPAR2_104170,1,1
CPAR2_104180,1,1
CPAR2_104190,1,1
CPAR2_104195,1,1
CPAR2_104200,1,1
CPAR2_104210,1,1
CPAR2_104220,1,1
CPAR2_104230,0,0
CPAR2_104240,1,1
CPAR2_104250,1,1
CPAR2_104260,0,0
CPAR2_104270,1,1
CPAR2_104280,1,1
CPAR2_104290,1,1
CPAR2_104300,1,1
CPAR2_104310,1,1
CPAR2_104320,1,1
CPAR2_104330,1,1
CPAR2_104340,1,1
CPAR2_104350,0,0
CPAR2_104360,1,1
CPAR2_104370,1,1
CPAR2_104380,1,1
CPAR2_104390,1,1
CPAR2_104400,1,1
CPAR2_104410,1,1
CPAR2_104420,1,1
CPAR2_104430,1,1
CPAR2_104440,1,1
CPAR2_104450,1,1
CPAR2_104460,1,1
CPAR2_104470,1,1
CPAR2_104480,1,1
CPAR2_104490,1,1
CPAR2_104500,1,1
CPAR2_104510,1,1
CPAR2_104530,1,1
CPAR2_104540,1,1
CPAR2_104550,1,1
CPAR2_104560,1,1
CPAR2_104570,1,1
CPAR2_104580,1,1
CPAR2_104590,1,1
CPAR2_104600,1,1
CPAR2_104610,1,1
CPAR2_104620,1,1
CPAR2_104630,1,1
CPAR2_104640,0,0
CPAR2_104650,1,1
CPAR2_104660,1,1
CPAR2_104670,1,1
CPAR2_104680,1,1
CPAR2_104690,1,1
CPAR2_104700,1,1
CPAR2_104710,1,1
CPAR2_104720,1,1
CPAR2_104730,1,1
CPAR2_104740,1,1
CPAR2_104750,1,1
CPAR2_104760,1,1
CPAR2_104770,1,1
CPAR2_104780,1,1
CPAR2_104790,1,1
CPAR2_104800,1,1
CPAR2_104810,1,1
CPAR2_104820,1,1
CPAR2_104830,1,1
CPAR2_104840,1,1
CPAR2_104850,1,1
CPAR2_104860,1,1
CPAR2_104870,1,1
CPAR2_104880,1,1
CPAR2_104890,1,1
CPAR2_104900,1,1
CPAR2_104910,1,1
CPAR2_104920,1,1
CPAR2_104930,1,1
CPAR2_104940,1,1
CPAR2_104950,1,1
CPAR2_104960,1,1
CPAR2_104970,1,1
CPAR2_104980,1,1
CPAR2_104990,1,1
CPAR2_105000,1,1
CPAR2_105010,1,1
CPAR2_105020,1,1
CPAR2_105030,1,1
CPAR2_105040,1,1
CPAR2_105050,1,1
CPAR2_105060,1,1
CPAR2_105070,1,1
CPAR2_105080,1,1
CPAR2_105090,1,1
CPAR2_105100,1,1
CPAR2_105110,1,1
CPAR2_105120,1,1
CPAR2_105130,1,1
CPAR2_105140,1,1
CPAR2_105150,1,1
CPAR2_105160,1,1
CPAR2_105170,1,1
CPAR2_105180,1,1
CPAR2_105190,1,1
CPAR2_105200,1,1
CPAR2_105210,1,1
CPAR2_105220,1,1
CPAR2_105230,1,1
CPAR2_105240,1,1
CPAR2_105250,1,1
CPAR2_105260,1,1
CPAR2_105270,1,1
CPAR2_105280,1,1
CPAR2_105290,1,1
CPAR2_105300,1,1
CPAR2_105310,1,1
CPAR2_105320,1,1
CPAR2_105330,1,1
CPAR2_105340,1,1
CPAR2_105350,1,1
CPAR2_105360,0,0
CPAR2_105370,1,1
CPAR2_105380,1,1
CPAR2_105390,1,1
CPAR2_105400,1,1
CPAR2_105410,1,1
CPAR2_105420,1,1
CPAR2_105430,1,1
CPAR2_105440,0,0
CPAR2_105450,1,1
CPAR2_105460,1,1
CPAR2_105470,1,1
CPAR2_105480,1,1
CPAR2_105490,1,1
CPAR2_105500,1,1
CPAR2_105510,1,1
CPAR2_105520,1,1
CPAR2_105530,1,1
CPAR2_105540,1,1
CPAR2_105550,1,1
CPAR2_105560,1,1
CPAR2_105570,1,1
CPAR2_105580,1,1
CPAR2_105590,1,1
CPAR2_105600,0,0
CPAR2_105610,1,1
CPAR2_105620,1,1
CPAR2_105630,1,1
CPAR2_105640,1,1
CPAR2_105650,1,1
CPAR2_105660,1,1
CPAR2_105670,1,1
CPAR2_105680,1,1
CPAR2_105690,1,1
CPAR2_105700,1,1
CPAR2_105710,1,1
CPAR2_105720,1,1
CPAR2_105730,1,1
CPAR2_105740,1,1
CPAR2_105750,0,0
CPAR2_105760,1,1
CPAR2_105770,1,1
CPAR2_105780,1,1
CPAR2_105790,1,1
CPAR2_105800,1,1
CPAR2_105810,1,1
CPAR2_105820,1,1
CPAR2_105830,1,1
CPAR2_105840,1,1
CPAR2_105850,1,1
CPAR2_105860,1,1
CPAR2_105870,1,1
CPAR2_105880,1,1
CPAR2_105890,1,1
CPAR2_105900,1,1
CPAR2_105910,1,1
CPAR2_105920,1,1
CPAR2_105930,1,1
CPAR2_105940,1,1
CPAR2_105950,1,1
CPAR2_105960,1,1
CPAR2_105970,1,1
CPAR2_105980,1,1
CPAR2_105990,1,1
CPAR2_106000,1,1
CPAR2_106010,1,1
CPAR2_106015,0,0
CPAR2_106020,1,1
CPAR2_106030,1,1
CPAR2_106040,1,1
CPAR2_106050,1,1
CPAR2_106060,1,1
CPAR2_106070,1,1
CPAR2_106080,1,1
CPAR2_106090,1,1
CPAR2_106100,1,1
CPAR2_106110,1,1
CPAR2_106120,1,1
CPAR2_106130,1,1
CPAR2_106140,1,1
CPAR2_106150,1,1
CPAR2_106160,0,0
CPAR2_106170,1,1
CPAR2_106180,1,1
CPAR2_106190,0,0
CPAR2_106200,1,1
CPAR2_106210,1,1
CPAR2_106220,1,1
CPAR2_106230,1,1
CPAR2_106240,1,1
CPAR2_106250,1,1
CPAR2_106260,1,1
CPAR2_106270,1,1
CPAR2_106280,1,1
CPAR2_106290,1,1
CPAR2_106300,1,1
CPAR2_106310,1,1
CPAR2_106320,1,1
CPAR2_106330,1,1
CPAR2_106340,0,0
CPAR2_106350,1,1
CPAR2_106360,1,1
CPAR2_106370,1,1
CPAR2_106380,1,1
CPAR2_106390,1,1
CPAR2_106400,1,1
CPAR2_106410,1,1
CPAR2_106420,1,1
CPAR2_106430,1,1
CPAR2_106440,1,1
CPAR2_106450,1,1
CPAR2_106460,1,1
CPAR2_106470,1,1
CPAR2_106480,1,1
CPAR2_106490,1,1
CPAR2_106500,1,1
CPAR2_106510,1,1
CPAR2_106520,1,1
CPAR2_106530,1,1
CPAR2_106540,1,1
CPAR2_106550,1,1
CPAR2_106560,1,1
CPAR2_106570,1,1
CPAR2_106580,1,1
CPAR2_106590,1,1
CPAR2_106600,1,1
CPAR2_106610,1,1
CPAR2_106620,1,1
CPAR2_106630,1,1
CPAR2_106640,1,1
CPAR2_106650,1,1
CPAR2_106660,1,1
CPAR2_106670,1,1
CPAR2_106680,1,1
CPAR2_106690,1,1
CPAR2_106700,1,1
CPAR2_106710,1,1
CPAR2_106720,1,1
CPAR2_106730,1,1
CPAR2_106740,1,1
CPAR2_106750,1,1
CPAR2_106760,1,1
CPAR2_106770,1,1
CPAR2_106780,1,1
CPAR2_106790,1,1
CPAR2_106800,1,1
CPAR2_106810,1,1
CPAR2_106820,1,1
CPAR2_106830,1,1
CPAR2_106840,1,1
CPAR2_106850,1,1
CPAR2_106860,1,1
CPAR2_106870,1,1
CPAR2_106880,1,1
CPAR2_106890,1,1
CPAR2_106900,1,1
CPAR2_106910,0,0
CPAR2_106920,0,0
CPAR2_106930,1,1
CPAR2_106940,1,1
CPAR2_106950,1,1
CPAR2_106960,1,1
CPAR2_106970,1,1
CPAR2_106980,1,1
CPAR2_106990,1,1
CPAR2_107000,1,1
CPAR2_107010,1,1
CPAR2_107020,1,1
CPAR2_107030,1,1
CPAR2_107040,1,1
CPAR2_107050,1,1
CPAR2_107060,1,1
CPAR2_107070,1,1
CPAR2_107080,1,1
CPAR2_107090,1,1
CPAR2_107100,1,1
CPAR2_107110,1,1
CPAR2_107120,1,1
CPAR2_107130,1,1
CPAR2_107140,1,1
CPAR2_107150,1,1
CPAR2_107160,1,1
CPAR2_107170,1,1
CPAR2_107180,1,1
CPAR2_107190,1,1
CPAR2_107200,0,0
CPAR2_107210,1,1
CPAR2_107220,1,1
CPAR2_107230,1,1
CPAR2_107240,1,1
CPAR2_107250,1,1
CPAR2_107260,1,1
CPAR2_107270,1,1
CPAR2_107280,1,1
CPAR2_107290,1,1
CPAR2_107300,1,1
CPAR2_107310,1,1
CPAR2_107320,1,1
CPAR2_107330,1,1
CPAR2_107340,1,1
CPAR2_107350,0,0
CPAR2_107360,1,1
CPAR2_107370,1,1
CPAR2_107380,1,1
CPAR2_107390,1,1
CPAR2_107400,1,1
CPAR2_107410,1,1
CPAR2_107420,1,1
CPAR2_107430,1,1
CPAR2_107440,1,1
CPAR2_107450,1,1
CPAR2_107460,1,1
CPAR2_107470,1,1
CPAR2_107480,1,1
CPAR2_107490,1,1
CPAR2_107500,1,0
CPAR2_107510,1,1
CPAR2_107520,1,1
CPAR2_107530,1,1
CPAR2_107540,1,1
CPAR2_107550,1,1
CPAR2_107560,0,1
CPAR2_107570,1,1
CPAR2_107580,0,0
CPAR2_107590,1,1
CPAR2_107600,1,1
CPAR2_107610,1,1
CPAR2_107620,1,1
CPAR2_107630,1,1
CPAR2_107640,1,1
CPAR2_107650,1,1
CPAR2_107660,1,1
CPAR2_107670,1,1
CPAR2_107680,1,1
CPAR2_107690,1,1
CPAR2_107700,1,1
CPAR2_107710,1,1
CPAR2_107720,1,1
CPAR2_107730,0,0
CPAR2_107740,1,1
CPAR2_107750,1,1
CPAR2_107760,1,1
CPAR2_107770,1,1
CPAR2_107780,1,1
CPAR2_107790,1,1
CPAR2_107800,1,1
CPAR2_107810,1,1
CPAR2_107820,1,1
CPAR2_107830,1,1
CPAR2_107840,1,1
CPAR2_107850,1,1
CPAR2_107860,1,1
CPAR2_107870,1,1
CPAR2_107880,1,1
CPAR2_107890,1,1
CPAR2_107900,1,1
CPAR2_107910,1,1
CPAR2_107920,1,1
CPAR2_107930,1,1
CPAR2_107940,1,1
CPAR2_107950,1,1
CPAR2_107960,1,1
CPAR2_107970,1,1
CPAR2_107980,1,1
CPAR2_107990,1,1
CPAR2_108000,1,1
CPAR2_108010,1,1
CPAR2_108020,1,1
CPAR2_108030,1,1
CPAR2_108040,1,1
CPAR2_108050,1,1
CPAR2_108060,1,1
CPAR2_108070,1,1
CPAR2_108080,1,1
CPAR2_108090,1,1
CPAR2_108100,1,1
CPAR2_108120,0,0
CPAR2_108130,1,1
CPAR2_108140,1,1
CPAR2_108150,0,0
CPAR2_108170,1,1
CPAR2_108180,1,1
CPAR2_108190,1,1
CPAR2_108200,1,1
CPAR2_108210,1,1
CPAR2_108220,1,1
CPAR2_108230,1,1
CPAR2_108240,1,1
CPAR2_108260,1,1
CPAR2_108270,1,1
CPAR2_108280,1,1
CPAR2_108290,1,1
CPAR2_108300,1,1
CPAR2_108310,1,1
CPAR2_108320,1,1
CPAR2_108330,1,1
CPAR2_108340,1,1
CPAR2_108350,1,1
CPAR2_108360,1,1
CPAR2_108370,1,1
CPAR2_108380,1,1
CPAR2_108390,1,1
CPAR2_108400,1,1
CPAR2_108410,1,1
CPAR2_108420,1,1
CPAR2_108430,1,1
CPAR2_108440,1,1
CPAR2_108450,1,1
CPAR2_108460,1,1
CPAR2_108470,1,1
CPAR2_108480,1,1
CPAR2_108490,1,1
CPAR2_108500,1,1
CPAR2_108510,1,1
CPAR2_108520,1,1
CPAR2_108530,1,1
CPAR2_108540,1,1
CPAR2_108550,1,1
CPAR2_108560,1,1
CPAR2_108570,1,1
CPAR2_108580,1,1
CPAR2_108590,1,1
CPAR2_108600,1,1
CPAR2_108610,1,1
CPAR2_108620,1,1
CPAR2_108630,1,1
CPAR2_108640,1,1
CPAR2_108650,1,1
CPAR2_108660,1,1
CPAR2_108670,1,1
CPAR2_108680,1,1
CPAR2_108690,1,1
CPAR2_108700,1,1
CPAR2_108710,1,1
CPAR2_108720,1,1
CPAR2_108740,1,1
CPAR2_108750,1,1
CPAR2_108760,1,1
CPAR2_108770,1,1
CPAR2_108790,1,1
CPAR2_108800,1,1
CPAR2_108810,1,1
CPAR2_108820,1,1
CPAR2_108830,1,1
CPAR2_108840,1,1
CPAR2_108850,1,1
CPAR2_108860,1,1
CPAR2_108870,1,1
CPAR2_108880,1,1
CPAR2_108890,1,1
CPAR2_108900,1,1
CPAR2_108910,1,1
CPAR2_108915,1,1
CPAR2_108920,1,1
CPAR2_108930,1,1
CPAR2_108940,1,1
CPAR2_108950,1,1
CPAR2_108960,1,1
CPAR2_108970,1,1
CPAR2_108980,1,1
CPAR2_108990,1,1
CPAR2_109000,1,1
CPAR2_109010,1,1
CPAR2_109020,1,1
CPAR2_109030,1,1
CPAR2_109040,1,1
CPAR2_109050,1,1
CPAR2_109060,1,1
CPAR2_109070,1,1
CPAR2_109080,1,1
CPAR2_109090,1,1
CPAR2_109100,1,1
CPAR2_109110,0,0
CPAR2_109120,1,1
CPAR2_109130,1,1
CPAR2_109140,1,1
CPAR2_109150,1,1
CPAR2_109160,1,1
CPAR2_109170,1,1
CPAR2_109180,1,1
CPAR2_109190,1,1
CPAR2_109200,1,1
CPAR2_109210,1,1
CPAR2_109220,1,1
CPAR2_109230,1,1
CPAR2_109240,1,1
CPAR2_109250,1,1
CPAR2_109260,1,1
CPAR2_109270,1,1
CPAR2_109280,1,1
CPAR2_109290,1,1
CPAR2_109300,1,1
CPAR2_109310,1,1
CPAR2_109320,1,1
CPAR2_109330,1,1
CPAR2_109340,1,1
CPAR2_109350,1,1
CPAR2_109360,1,1
CPAR2_109370,1,1
CPAR2_109380,1,1
CPAR2_109390,1,1
CPAR2_109400,1,1
CPAR2_109410,1,1
CPAR2_109420,1,1
CPAR2_109430,1,1
CPAR2_109440,1,1
CPAR2_109450,1,1
CPAR2_109460,1,1
CPAR2_109470,1,1
CPAR2_109480,1,1
CPAR2_109490,1,1
CPAR2_109500,1,1
CPAR2_109510,0,0
CPAR2_109520,1,1
CPAR2_109530,1,1
CPAR2_109540,1,1
CPAR2_109545,0,0
CPAR2_109550,1,1
CPAR2_109560,1,1
CPAR2_109570,1,1
CPAR2_109580,1,1
CPAR2_109590,1,1
CPAR2_109600,1,1
CPAR2_109610,1,1
CPAR2_109620,1,1
CPAR2_109630,1,1
CPAR2_109640,1,1
CPAR2_109650,1,1
CPAR2_109660,1,1
CPAR2_109670,1,1
CPAR2_109680,1,1
CPAR2_109690,1,1
CPAR2_109700,1,1
CPAR2_109710,1,1
CPAR2_109720,1,1
CPAR2_109730,1,1
CPAR2_109740,1,1
CPAR2_109750,1,1
CPAR2_109760,1,1
CPAR2_109770,1,1
CPAR2_109780,1,1
CPAR2_109790,1,1
CPAR2_109800,1,1
CPAR2_109810,1,1
CPAR2_109830,1,1
CPAR2_109840,1,1
CPAR2_109850,1,1
CPAR2_109860,1,1
CPAR2_109870,1,1
CPAR2_109880,1,1
CPAR2_109890,1,1
CPAR2_109900,1,1
CPAR2_109910,1,1
CPAR2_109920,1,1
CPAR2_109930,1,1
CPAR2_109940,0,0
CPAR2_109950,1,1
CPAR2_109960,1,1
CPAR2_109970,1,1
CPAR2_109980,1,1
CPAR2_109990,1,1
CPAR2_110000,1,1
CPAR2_110010,1,1
CPAR2_110020,1,1
CPAR2_110030,1,1
CPAR2_110040,1,1
CPAR2_110050,1,1
CPAR2_110060,1,1
CPAR2_110070,1,1
CPAR2_110080,1,1
CPAR2_110090,1,1
CPAR2_110100,1,1
CPAR2_110110,1,1
CPAR2_110120,1,1
CPAR2_110130,1,1
CPAR2_110140,1,1
CPAR2_110150,1,1
CPAR2_110160,1,1
CPAR2_110170,1,1
CPAR2_110180,1,1
CPAR2_110190,1,1
CPAR2_110200,1,1
CPAR2_110210,1,1
CPAR2_110220,1,1
CPAR2_110230,1,1
CPAR2_110240,1,1
CPAR2_110250,1,1
CPAR2_110260,1,1
CPAR2_110270,1,1
CPAR2_110280,1,1
CPAR2_110290,1,1
CPAR2_110300,1,1
CPAR2_110310,1,1
CPAR2_110320,1,1
CPAR2_110330,1,1
CPAR2_110340,1,1
CPAR2_110350,1,1
CPAR2_110360,1,1
CPAR2_110370,1,1
CPAR2_110380,1,1
CPAR2_110390,1,1
CPAR2_110400,1,1
CPAR2_110410,1,1
CPAR2_110420,1,1
CPAR2_110430,1,1
CPAR2_110440,1,1
CPAR2_110450,1,1
CPAR2_110460,1,1
CPAR2_110470,1,1
CPAR2_110480,1,1
CPAR2_110490,1,1
CPAR2_600010,1,1
CPAR2_600020,1,1
CPAR2_600030,1,1
CPAR2_600040,1,1
CPAR2_600050,1,1
CPAR2_600060,1,1
CPAR2_600070,1,1
CPAR2_600080,1,1
CPAR2_600090,1,1
CPAR2_600100,1,1
CPAR2_600110,1,1
CPAR2_600120,1,1
CPAR2_600130,1,1
CPAR2_600140,1,1
CPAR2_600150,1,1
CPAR2_600160,1,1
CPAR2_600170,1,1
CPAR2_600180,1,1
CPAR2_600190,1,1
CPAR2_600200,1,1
CPAR2_600210,1,1
CPAR2_600220,1,1
CPAR2_600230,1,1
CPAR2_600240,1,1
CPAR2_600250,1,1
CPAR2_600260,1,1
CPAR2_600270,1,1
CPAR2_600280,1,1
CPAR2_600290,1,1
CPAR2_600300,1,1
CPAR2_600310,1,1
CPAR2_600320,1,1
CPAR2_600330,1,1
CPAR2_600340,1,1
CPAR2_600350,1,1
CPAR2_600360,1,1
CPAR2_600370,1,1
CPAR2_600380,1,1
CPAR2_600390,1,1
CPAR2_600400,1,1
CPAR2_600410,1,1
CPAR2_600420,0,0
CPAR2_600430,0,0
CPAR2_600440,0,0
CPAR2_600450,1,1
CPAR2_600460,1,1
CPAR2_600470,1,1
CPAR2_600480,1,1
CPAR2_600490,1,1
CPAR2_600500,1,1
CPAR2_600510,1,1
CPAR2_600520,1,1
CPAR2_600530,1,1
CPAR2_600540,1,1
CPAR2_600560,1,1
CPAR2_600570,1,1
CPAR2_600580,1,1
CPAR2_600590,1,1
CPAR2_600600,1,1
CPAR2_600610,1,1
CPAR2_600620,1,1
CPAR2_600630,1,1
CPAR2_600640,1,1
CPAR2_600650,1,1
CPAR2_600660,1,1
CPAR2_600670,1,1
CPAR2_600680,1,1
CPAR2_600690,1,1
CPAR2_600710,1,1
CPAR2_600730,1,1
CPAR2_600740,1,1
CPAR2_600750,1,1
CPAR2_600760,1,1
CPAR2_600770,1,1
CPAR2_600780,1,1
CPAR2_600790,1,1
CPAR2_600800,1,1
CPAR2_600810,1,1
CPAR2_600820,1,1
CPAR2_600830,1,1
CPAR2_600840,1,1
CPAR2_600850,1,1
CPAR2_600860,1,1
CPAR2_600870,1,1
CPAR2_600880,1,1
CPAR2_600890,1,1
CPAR2_600900,1,1
CPAR2_600910,0,0
CPAR2_600920,1,1
CPAR2_600930,1,1
CPAR2_600940,1,1
CPAR2_600950,1,1
CPAR2_600960,1,1
CPAR2_600970,1,1
CPAR2_600980,1,1
CPAR2_600990,1,1
CPAR2_601000,1,1
CPAR2_601010,1,1
CPAR2_601040,1,1
CPAR2_601050,1,1
CPAR2_601080,1,1
CPAR2_601090,1,1
CPAR2_601100,1,1
CPAR2_601110,1,1
CPAR2_601120,1,1
CPAR2_601130,1,1
CPAR2_601140,1,1
CPAR2_601150,1,1
CPAR2_601160,1,1
CPAR2_601170,1,1
CPAR2_601180,1,1
CPAR2_601190,1,1
CPAR2_601200,1,1
CPAR2_601210,1,1
CPAR2_601220,1,1
CPAR2_601230,1,1
CPAR2_601240,1,1
CPAR2_601250,1,1
CPAR2_601260,1,1
CPAR2_601270,1,1
CPAR2_601280,1,1
CPAR2_601290,1,1
CPAR2_601300,1,1
CPAR2_601310,1,1
CPAR2_601320,1,1
CPAR2_601330,1,1
CPAR2_601340,1,1
CPAR2_601350,1,1
CPAR2_601360,1,1
CPAR2_601370,1,1
CPAR2_601380,1,1
CPAR2_601390,1,1
CPAR2_601400,1,1
CPAR2_601410,1,1
CPAR2_601420,1,1
CPAR2_601430,1,1
CPAR2_601440,1,1
CPAR2_601450,1,1
CPAR2_601460,1,1
CPAR2_601470,1,1
CPAR2_601480,1,1
CPAR2_601490,1,1
CPAR2_601500,1,1
CPAR2_601510,1,1
CPAR2_601520,1,1
CPAR2_601530,1,1
CPAR2_601540,1,1
CPAR2_601550,1,1
CPAR2_601560,1,1
CPAR2_601570,1,1
CPAR2_601580,1,1
CPAR2_601590,1,1
CPAR2_601600,1,1
CPAR2_601610,1,1
CPAR2_601620,1,1
CPAR2_601630,1,1
CPAR2_601640,1,1
CPAR2_601650,1,1
CPAR2_601660,1,1
CPAR2_601670,1,1
CPAR2_601680,1,1
CPAR2_601690,1,1
CPAR2_601700,1,1
CPAR2_601710,1,1
CPAR2_601720,1,1
CPAR2_601730,0,1
CPAR2_601740,0,0
CPAR2_601750,1,1
CPAR2_601760,1,1
CPAR2_601770,1,1
CPAR2_601780,1,1
CPAR2_601790,1,1
CPAR2_601800,1,1
CPAR2_601810,1,1
CPAR2_601820,1,1
CPAR2_601830,1,1
CPAR2_601840,1,1
CPAR2_601850,1,1
CPAR2_601860,1,1
CPAR2_601870,1,1
CPAR2_601880,1,1
CPAR2_601890,1,1
CPAR2_601900,1,1
CPAR2_601910,1,1
CPAR2_601920,1,1
CPAR2_601925,0,0
CPAR2_601930,1,1
CPAR2_601940,1,1
CPAR2_601950,1,1
CPAR2_601960,1,1
CPAR2_601970,1,1
CPAR2_601980,1,1
CPAR2_601990,1,1
CPAR2_602000,1,1
CPAR2_602010,1,1
CPAR2_602020,1,1
CPAR2_602030,1,1
CPAR2_602040,0,0
CPAR2_602050,1,1
CPAR2_602060,1,1
CPAR2_602070,1,1
CPAR2_602080,1,1
CPAR2_602090,1,1
CPAR2_602100,1,1
CPAR2_602110,1,1
CPAR2_602120,1,1
CPAR2_602130,1,1
CPAR2_602135,1,1
CPAR2_602140,1,1
CPAR2_602150,1,1
CPAR2_602160,1,1
CPAR2_602170,1,1
CPAR2_602180,1,1
CPAR2_602190,1,1
CPAR2_602200,1,1
CPAR2_602210,1,1
CPAR2_602220,1,1
CPAR2_602230,1,1
CPAR2_602240,1,1
CPAR2_602250,1,1
CPAR2_602260,1,1
CPAR2_602270,1,1
CPAR2_602280,1,1
CPAR2_602290,1,1
CPAR2_602300,1,1
CPAR2_602310,1,1
CPAR2_602320,1,1
CPAR2_602330,1,1
CPAR2_602340,1,1
CPAR2_602350,1,1
CPAR2_602360,1,1
CPAR2_602370,1,1
CPAR2_602380,1,1
CPAR2_602390,1,1
CPAR2_602400,1,1
CPAR2_602410,1,1
CPAR2_602420,1,1
CPAR2_602430,1,1
CPAR2_602440,1,1
CPAR2_602450,1,1
CPAR2_602460,1,1
CPAR2_602480,0,0
CPAR2_602490,1,1
CPAR2_602500,1,1
CPAR2_602510,1,1
CPAR2_602520,1,1
CPAR2_602530,1,1
CPAR2_602540,1,1
CPAR2_602550,1,1
CPAR2_602560,1,1
CPAR2_602570,1,1
CPAR2_602580,1,1
CPAR2_602590,1,1
CPAR2_602600,1,1
CPAR2_602610,1,1
CPAR2_602620,1,1
CPAR2_602630,1,1
CPAR2_602640,1,1
CPAR2_602650,0,0
CPAR2_602660,1,1
CPAR2_602670,1,1
CPAR2_602680,1,1
CPAR2_602690,1,1
CPAR2_602700,1,1
CPAR2_602710,1,1
CPAR2_602720,1,1
CPAR2_602730,1,1
CPAR2_602740,1,1
CPAR2_602750,1,1
CPAR2_602760,1,1
CPAR2_602770,1,1
CPAR2_602780,1,1
CPAR2_602790,1,1
CPAR2_602800,1,1
CPAR2_602810,1,1
CPAR2_602820,1,1
CPAR2_602830,0,0
CPAR2_602840,1,1
CPAR2_602850,1,1
CPAR2_602860,1,1
CPAR2_602870,1,1
CPAR2_602880,1,1
CPAR2_602890,1,1
CPAR2_602900,1,1
CPAR2_602910,1,1
CPAR2_602920,1,1
CPAR2_602930,1,1
CPAR2_602940,1,1
CPAR2_602950,1,1
CPAR2_602960,1,1
CPAR2_602970,1,1
CPAR2_602980,1,1
CPAR2_602990,1,1
CPAR2_603000,1,1
CPAR2_603010,1,1
CPAR2_603020,1,1
CPAR2_603030,1,1
CPAR2_603040,1,1
CPAR2_603050,1,1
CPAR2_603060,1,1
CPAR2_603070,1,1
CPAR2_603080,1,1
CPAR2_603090,1,1
CPAR2_603100,1,1
CPAR2_603110,1,1
CPAR2_603120,1,1
CPAR2_603130,1,1
CPAR2_603140,1,1
CPAR2_603150,1,1
CPAR2_603160,1,1
CPAR2_603170,0,0
CPAR2_603180,1,1
CPAR2_603190,1,1
CPAR2_603200,1,1
CPAR2_603210,1,1
CPAR2_603220,0,0
CPAR2_603230,1,1
CPAR2_603240,1,1
CPAR2_603250,1,1
CPAR2_603260,1,1
CPAR2_603270,1,1
CPAR2_603280,1,1
CPAR2_603290,1,1
CPAR2_603300,1,1
CPAR2_603310,1,1
CPAR2_603320,1,1
CPAR2_603330,1,1
CPAR2_603340,1,1
CPAR2_603350,1,1
CPAR2_603360,1,1
CPAR2_603370,1,1
CPAR2_603375,1,1
CPAR2_603380,1,1
CPAR2_603390,1,1
CPAR2_603400,1,1
CPAR2_603410,1,1
CPAR2_603420,1,1
CPAR2_603430,1,1
CPAR2_603440,1,1
CPAR2_603450,1,1
CPAR2_603460,1,1
CPAR2_603470,1,1
CPAR2_603480,1,1
CPAR2_603490,1,1
CPAR2_603500,1,1
CPAR2_603510,1,1
CPAR2_603520,1,1
CPAR2_603530,1,1
CPAR2_603540,1,1
CPAR2_603550,1,1
CPAR2_603560,1,1
CPAR2_603570,1,1
CPAR2_603580,1,1
CPAR2_603590,1,1
CPAR2_603600,1,1
CPAR2_603610,1,1
CPAR2_603620,1,1
CPAR2_603630,1,1
CPAR2_603640,1,1
CPAR2_603650,0,0
CPAR2_603660,1,1
CPAR2_603670,1,1
CPAR2_603680,1,1
CPAR2_603690,1,1
CPAR2_603700,1,1
CPAR2_603710,1,1
CPAR2_603720,1,1
CPAR2_603730,1,1
CPAR2_603740,1,1
CPAR2_603750,0,0
CPAR2_603760,1,1
CPAR2_603770,1,1
CPAR2_603780,1,1
CPAR2_603790,1,1
CPAR2_603800,0,1
