,MSK51,MSK2390
R07054__cyto,99.823,100.0
R00894__cyto,100.0,100.0
TO0000182_CYTMEM__plas,100.0,100.0
R01853__pero,100.0,100.0
R03936__cyto,100.0,100.0
R02354__cyto,99.823,100.0
R00658__cyto,100.0,100.0
R00763__cyto,100.0,100.0
R01220__cyto,100.0,100.0
EX_C00214__extr,100.0,100.0
R08657__mito,100.0,100.0
TR0015529_CYTMEM__plas,100.0,100.0
R06520__mito,100.0,100.0
R04355__cyto,100.0,99.951
T__9Z_12Z_15Z__Octadecatrienoyl_CoA_c16162_CytoPero__plas,100.0,100.0
EX_CO2__extr,100.0,100.0
TR0002803_CYTMEM__plas,100.0,100.0
R04591__cyto,100.0,100.0
R02485__cyto,100.0,100.0
TO1002511_CYTMEM__plas,99.84,99.84
R00527__cyto,100.0,100.0
TR0011839_CYTMEM__plas,100.0,100.0
TR2901157_CYTMEM__plas,100.0,100.0
R01351__cyto,100.0,100.0
2_oxoglutarate_Dehydro_Complex__mito,100.0,100.0
TR2900096_CYTMEM__plas,100.0,100.0
R00489__cyto,100.0,100.0
EX_C01217__extr,100.0,100.0
EX_Oxygen__extr,100.0,100.0
TR0011423_CYTMEM__plas,100.0,100.0
TO1000438_CYTMEM__plas,99.84,99.84
R00848__mito,100.0,100.0
EX_C00881__extr,100.0,100.0
R07895__cyto,100.0,100.0
TR0000517_CYTMEM__plas,100.0,100.0
R01377__cyto,100.0,100.0
EX_C02341__extr,100.0,100.0
R01072__cyto,100.0,100.0
R01187__cyto,100.0,100.0
EX_C00455__extr,100.0,100.0
R02464__cyto,100.0,100.0
TR1000009_CYTMEM__plas,100.0,100.0
R00548__cyto,100.0,100.0
R00768__cyto,100.0,100.0
R04891__cyto,100.0,100.0
TR1000310_CYTMEM__plas,100.0,100.0
EX_C21016__extr,100.0,100.0
R00243__cyto,100.0,100.0
TO1000249_CYTMEM__plas,99.84,99.84
R03293__cyto,100.0,100.0
TR0015316_CYTMEM__plas,100.0,100.0
R08657__cyto,100.0,100.0
TR2901123_CYTMEM__plas,100.0,100.0
R02480__cyto,100.0,100.0
R04639__cyto,100.0,100.0
EX_C00334__cyto,100.0,100.0
EX_C00219__extr,100.0,100.0
TR0013385_CYTMEM__plas,100.0,100.0
R12120__mito,99.808,99.808
TR0012660_CYTMEM__plas,100.0,100.0
EX_C00865__extr,100.0,100.0
TR2900814_CYTMEM__plas,100.0,100.0
TR2000161_CYTMEM__plas,100.0,100.0
TO1002738_CYTMEM__plas,100.0,100.0
R03657__cyto,100.0,100.0
TR2000015_CYTMEM__plas,100.0,100.0
TR0011829_CYTMEM__plas,100.0,100.0
R01466__cyto,100.0,100.0
R03652__cyto,100.0,100.0
R02295__cyto,100.0,100.0
TR2000017_CYTMEM__plas,100.0,100.0
R00937__cyto,100.0,100.0
EX_C03454__extr,100.0,100.0
R00717__cyto,100.0,100.0
R09076__cyto,100.0,100.0
R09419__cyto,100.0,100.0
EX_C00750__extr,100.0,100.0
EX_C01753__extr,100.0,100.0
R02874__cyto,100.0,100.0
R02359__cyto,100.0,100.0
R00248__cyto,100.0,100.0
R01372__cyto,99.82,99.82
R02654__cyto,100.0,100.0
TR2900231_CYTMEM__plas,100.0,100.0
R02003__cyto,100.0,100.0
R04955__cyto,100.0,99.951
R00674__cyto,100.0,100.0
R02849__cyto,100.0,100.0
R02413__cyto,100.0,100.0
R01801_Cyto__cyto,100.0,100.0
R01398__cyto,100.0,100.0
TR2901159_CYTMEM__plas,100.0,100.0
R04208__cyto,99.874,99.874
R10949__cyto,100.0,100.0
TI6900005_CYTMEM__plas,100.0,100.0
T_H2O_c00001_ExtrCyto__plas,100.0,100.0
TO0000924_CYTMEM__plas,100.0,100.0
R01030__cyto,100.0,100.0
TR1000388_CYTMEM__plas,100.0,100.0
TR0011455_CYTMEM__plas,100.0,100.0
R03416__cyto,100.0,100.0
TR2900858_CYTMEM__plas,100.0,100.0
EX_C00082__extr,100.0,100.0
R00763__mito,100.0,100.0
R08551__cyto,100.0,100.0
EX_C01327__extr,100.0,100.0
R02722__cyto,100.0,100.0
TR2900990_CYTMEM__plas,100.0,100.0
R00220__pero,100.0,100.0
TR2900267_CYTMEM__plas,100.0,100.0
R03856__cyto,100.0,100.0
R02739__cyto,100.0,100.0
R10619__cyto,100.0,100.0
TR2901179_CYTMEM__plas,100.0,100.0
R01157__cyto,100.0,100.0
R01330__cyto,100.0,100.0
EX_C00104__extr,100.0,100.0
R00227__cyto,100.0,100.0
R01220__mito,100.0,100.0
R12205__mito,100.0,100.0
TR1000121_CYTMEM__plas,100.0,100.0
R01787__cyto,100.0,100.0
TR1900010_CYTMEM__plas,100.0,100.0
TR2900277_CYTMEM__plas,100.0,100.0
TR2900030_CYTMEM__plas,100.0,100.0
R01288__cyto,100.0,100.0
R07396__cyto,100.0,100.0
R04566__cyto,100.0,100.0
R03036__cyto,100.0,100.0
R08162__cyto,100.0,99.951
TO0010516_PLAS__plas,100.0,100.0
EX_C00492__extr,100.0,100.0
R01960__cyto,99.783,99.783
EX_C00134__extr,100.0,100.0
R11216__cyto,100.0,100.0
TR0000111_CYTMEM__plas,100.0,100.0
TR2900287_CYTMEM__plas,100.0,100.0
TR2900308_CYTMEM__plas,100.0,100.0
TR0000090_CYTMEM__plas,100.0,100.0
R01274__pero,100.0,100.0
EX_C00024__extr,100.0,100.0
TR0001563_CYTMEM__plas,100.0,99.695
T_Isoleucine_c00407_MitoCyto___plas,100.0,100.0
R01051__cyto,100.0,100.0
R00974__cyto,100.0,100.0
R03661__cyto,100.0,100.0
EX_C02431__cyto,100.0,100.0
R11764__cyto,100.0,100.0
TR0000559_CYTMEM__plas,100.0,100.0
R00278__cyto,100.0,100.0
R04430__cyto,100.0,100.0
EX_C04377__extr,100.0,100.0
EX_C00718__extr,100.0,100.0
TR1000157_CYTMEM__plas,100.0,100.0
EX_C00010__extr,100.0,100.0
R01965__cyto,100.0,100.0
EX_C05966__extr,100.0,100.0
R02558__cyto,100.0,100.0
R02017__cyto,100.0,100.0
TR2916905_CYTMEM__plas,100.0,99.708
R04964__cyto,100.0,100.0
R01926__mito,100.0,100.0
R04882__pero,100.0,100.0
R01736__cyto,100.0,100.0
R01626__cyto,100.0,100.0
R05733__cyto,100.0,100.0
EX_C00008__extr,100.0,100.0
R04969__cyto,100.0,99.951
R01209__mito,100.0,100.0
EX_C04317__extr,100.0,100.0
EX_C02350__extr,100.0,100.0
R00316__cyto,100.0,100.0
EX_C00954__extr,100.0,100.0
R00328__cyto,100.0,100.0
EX_C11554__extr,100.0,100.0
R02016_Cyto__cyto,100.0,100.0
TZ2900063_CYTMEM__plas,100.0,100.0
T_Oxaloacetate_c00036_CytoMito__plas,100.0,100.0
R00390__cyto,100.0,100.0
R01600__cyto,100.0,100.0
TR0000283_CYTMEM__plas,100.0,100.0
R01710__cyto,100.0,100.0
R03217__cyto,100.0,100.0
EX_C00120__extr,100.0,100.0
R07134__cyto,100.0,100.0
R01140__cyto,100.0,100.0
EX_Pyridoxal__cyto,100.0,100.0
R04533__cyto,100.0,100.0
R02024__cyto,100.0,100.0
TR1000179_CYTMEM__plas,100.0,100.0
R00988__cyto,100.0,100.0
R00705__cyto,100.0,100.0
R11216__mito,100.0,100.0
EX_C00003__extr,100.0,100.0
e_Lipid__cyto,100.0,100.0
R04371__cyto,100.0,100.0
TR0000919_CYTMEM__plas,100.0,99.695
R03758__mito,100.0,100.0
R03542__cyto,100.0,100.0
R01431__cyto,100.0,100.0
R01321__cyto,100.0,100.0
R10825__mito,100.0,100.0
EX_C00015__extr,100.0,100.0
R00708__mito,100.0,100.0
R10928__cyto,100.0,100.0
EX_C14819__extr,100.0,100.0
R03648__cyto,100.0,100.0
TR0011837_CYTMEM__plas,100.0,100.0
TR2900119_CYTMEM__plas,100.0,100.0
R05616__cyto,100.0,100.0
TO1000074_CYTMEM__plas,100.0,100.0
R01799__mito,100.0,100.0
R09376__cyto,9.251,9.251
R11101__cyto,100.0,100.0
EX_C00329__extr,100.0,100.0
TO1002197_CYTMEM__plas,100.0,100.0
R00772__cyto,100.0,100.0
R02059__cyto,99.762,99.762
T_2_oxoglutarate_c00026_MitoCyto___plas,100.0,100.0
R04751__cyto,100.0,100.0
R00937__mito,100.0,100.0
R09477__cyto,100.0,100.0
EX_C00387__extr,100.0,100.0
EX_C20190__extr,100.0,100.0
TR2900940_CYTMEM__plas,100.0,100.0
TO0000021_PLAS__plas,100.0,100.0
R10825__cyto,100.0,100.0
R02235__mito,100.0,100.0
TO1000184_CYTMEM__plas,99.84,99.84
R07409__cyto,100.0,100.0
R01855__cyto,100.0,100.0
R04144__cyto,99.874,99.874
TO1000478_CYTMEM__plas,100.0,100.0
TR2916888_CYTMEM__plas,100.0,100.0
R00772__mito,100.0,100.0
R03758__cyto,100.0,100.0
EX_C00059__extr,100.0,100.0
EX_C00828__extr,100.0,100.0
EX_C01589__extr,100.0,100.0
R03158__cyto,100.0,100.0
R00159__cyto,100.0,100.0
R00662__cyto,100.0,100.0
R12404__cyto,99.43,99.43
R10115__cyto,100.0,100.0
R02668__cyto,100.0,100.0
EX_C07481__extr,100.0,100.0
R02778__cyto,100.0,100.0
R12399__cyto,100.0,100.0
TO1000201_CYTMEM__plas,100.0,100.0
EX_C03885__extr,100.0,100.0
R02235__cyto,100.0,100.0
TZ3000012_CYTMEM__plas,100.0,100.0
R00332__cyto,100.0,100.0
R01752__cyto,100.0,100.0
T_4_Aminobutanoate__plas,100.0,100.0
TR2900289_CYTMEM__plas,100.0,100.0
EX_C01762__extr,100.0,100.0
R02617__cyto,100.0,100.0
R01086__cyto,99.785,99.785
R10056__cyto,100.0,100.0
TO1000263_CYTMEM__plas,100.0,100.0
EX_C05684__extr,100.0,100.0
R00756__cyto,100.0,100.0
R04863__cyto,99.929,99.929
R10827__cyto,100.0,100.0
R07497__cyto,100.0,100.0
R03903__cyto,100.0,100.0
EX_C01419__extr,100.0,100.0
R01663__cyto,100.0,100.0
TR2000043_CYTMEM__plas,100.0,100.0
TO0000311_CYTMEM__plas,100.0,100.0
TR2900291_CYTMEM__plas,100.0,100.0
R11099__pero,100.0,100.0
TR0001210_CYTMEM__plas,100.0,100.0
R08282__pero,100.0,100.0
R05046__cyto,100.0,100.0
EX_C00033__extr,100.0,100.0
TR0003847_CYTMEM__plas,100.0,100.0
R00582__cyto,100.0,100.0
R04536__cyto,100.0,100.0
EX_C00116__extr,100.0,100.0
R01759__cyto,100.0,100.0
EX_C03892__extr,100.0,100.0
EX_C11557__extr,100.0,100.0
R00405__mito,100.0,100.0
R00770__cyto,100.0,100.0
T_Ammonia_c00014_CytoPero__pero,100.0,100.0
TR2900203_CYTMEM__plas,100.0,100.0
Transport_Acetaldeyde_PeroCyto__pero,100.0,100.0
EX_C01451__cyto,100.0,100.0
R02731__cyto,100.0,100.0
R04946__cyto,100.0,100.0
TZ2900067_CYTMEM__plas,100.0,100.0
TR0003566_CYTMEM__plas,100.0,100.0
R00014__mito,100.0,100.0
TR2900101_CYTMEM__plas,100.0,100.0
R00177__cyto,100.0,100.0
R11220__cyto,100.0,100.0
R00209__mito,100.0,100.0
R01279__cyto,100.0,100.0
TR2916185_CYTMEM__plas,100.0,100.0
R00515__mito,100.0,100.0
TR1000306_CYTMEM__plas,100.0,100.0
R02326__cyto,100.0,100.0
R00904__cyto,100.0,100.0
TR0012849_CYTMEM__plas,100.0,100.0
R01773__cyto,100.0,100.0
T00485__cyto,100.0,100.0
R00515__cyto,100.0,100.0
T_NADPh_c00005_MitoCyto__plas,100.0,100.0
TZ2900031_CYTMEM__plas,100.0,100.0
R04753__cyto,100.0,100.0
TR0002419_CYTMEM__plas,100.0,100.0
R00341__cyto,100.0,100.0
TR0011662_CYTMEM__plas,100.0,100.0
R03755__cyto,100.0,100.0
EX_C00143__extr,100.0,100.0
R00925__cyto,100.0,100.0
R03970__cyto,100.0,100.0
R00086__cyto,100.0,100.0
TR0000029_CYTMEM__plas,100.0,100.0
T_NAD__c00003_MitoCyto_V1__plas,100.0,100.0
R03629__cyto,99.823,100.0
R10089__mito,100.0,100.0
R00236__cyto,100.0,100.0
R01974__cyto,100.0,100.0
R04962__cyto,100.0,100.0
TR0012375_CYTMEM__plas,100.0,100.0
EX_C00148__extr,100.0,100.0
TR2901117_CYTMEM__plas,100.0,100.0
R02731__mito,100.0,100.0
R11220__mito,100.0,100.0
TR2900988_CYTMEM__plas,100.0,100.0
EX_C00333__extr,100.0,100.0
R00081__mito,100.0,100.0
R01274__cyto,100.0,100.0
R09510__cyto,100.0,100.0
R02283__cyto,99.78,99.78
R00751__cyto,100.0,100.0
TR1001017_CYTMEM__plas,100.0,100.0
R00513__cyto,100.0,100.0
TR0000009_CYTMEM__plas,100.0,100.0
EX_C01226__extr,100.0,100.0
R03313__cyto,100.0,100.0
R02577__cyto,100.0,100.0
EX_C12126__extr,100.0,100.0
TR1000105_CYTMEM__plas,100.0,100.0
TR1000027_CYTMEM__plas,100.0,100.0
R04037__cyto,100.0,100.0
R04779__cyto,100.0,100.0
TR0012678_CYTMEM__plas,100.0,100.0
TO0000367_CYTMEM__plas,100.0,100.0
TZ2900053_CYTMEM__plas,100.0,100.0
TR2900966_CYTMEM__plas,100.0,100.0
TR0011684_CYTMEM__plas,100.0,100.0
R04726__cyto,100.0,99.951
R02109__cyto,100.0,100.0
EX_C00031__extr,100.0,100.0
R02340__cyto,100.0,100.0
R03066__cyto,100.0,100.0
T_Valine_c00183_ExtrCyto__plas,100.0,100.0
R01574__cyto,100.0,100.0
R10951__cyto,100.0,100.0
R07162__mito,100.0,100.0
R00287__cyto,100.0,100.0
R04301__cyto,100.0,100.0
R02106__cyto,100.0,100.0
R01880__cyto,100.0,100.0
TR0012500_CYTMEM__plas,100.0,100.0
TR1900004_CYTMEM__plas,100.0,100.0
R01708__cyto,100.0,100.0
R01818__cyto,100.0,100.0
TO1000016_CYTMEM__plas,100.0,100.0
EX_C00127__extr,100.0,100.0
EX_C01126__cyto,100.0,100.0
R02061__cyto,100.0,100.0
TO1000182_CYTMEM__plas,99.84,99.84
R02687__cyto,100.0,100.0
EX_C01697__cyto,100.0,100.0
TZ3000004_CYTMEM__plas,100.0,100.0
EX_C01277__extr,100.0,100.0
EX_C05528__extr,100.0,100.0
R07888__cyto,100.0,100.0
R12329__cyto,100.0,100.0
R00257__cyto,99.86,99.86
TO1000367_CYTMEM__plas,99.84,99.84
TR0000289_CYTMEM__plas,100.0,100.0
R08362__pero,100.0,100.0
R04426__cyto,100.0,100.0
Drain_to_H2O__extr,100.0,100.0
TO1000924_CYTMEM__plas,99.84,99.84
R01302__mito,100.0,100.0
R06063__cyto,100.0,100.0
R03013__cyto,100.0,100.0
EX_C00221__extr,100.0,100.0
TR0015545_CYTMEM__plas,100.0,100.0
R00344__cyto,100.0,100.0
R00424__cyto,100.0,100.0
R04889__cyto,100.0,100.0
R04756__cyto,100.0,100.0
TR2901005_CYTMEM__plas,100.0,100.0
R01926__cyto,100.0,100.0
R03284__cyto,100.0,100.0
R01706__cyto,100.0,99.951
R04866__cyto,100.0,100.0
R00014__cyto,100.0,100.0
R00754__cyto,100.0,100.0
R03197__cyto,100.0,100.0
R12205__pero,100.0,100.0
EX_C00052__extr,100.0,100.0
EX_C00458__extr,100.0,100.0
TO1000207_CYTMEM__plas,100.0,100.0
TO0000249_CYTMEM__plas,100.0,100.0
TR2000137_CYTMEM__plas,100.0,100.0
TO1000345_CYTMEM__plas,100.0,100.0
R01054__cyto,100.0,100.0
EX_C00473__extr,100.0,100.0
R04559__cyto,99.793,99.793
R02324__cyto,100.0,100.0
T_CO2_c00011_ExtrCyto__plas,100.0,100.0
R07505__cyto,100.0,100.0
EX_C06423__extr,100.0,100.0
T_NADP__c00006_MitoCyto__plas,100.0,100.0
EX_C00627__extr,100.0,100.0
EX_C00647__extr,100.0,100.0
R08174__pero,100.0,100.0
R04428__cyto,100.0,99.951
R04501__cyto,100.0,100.0
R00955__cyto,100.0,100.0
EX_C04115__extr,100.0,100.0
R08575__cyto,100.0,100.0
R04444__mito,100.0,100.0
R00897__cyto,100.0,100.0
EX_C11887__extr,100.0,100.0
R12657__mito,100.0,100.0
R08639__cyto,100.0,100.0
EX_C06254__extr,100.0,100.0
R01993__cyto,100.0,100.0
R02872__cyto,100.0,100.0
R10700__cyto,100.0,99.951
R01021__cyto,100.0,100.0
T_H2O_c00001_CytoMito__plas,100.0,100.0
R07389__cyto,100.0,100.0
R10089__cyto,100.0,100.0
EX_C00310__extr,100.0,100.0
R00896__cyto,100.0,100.0
R02434__cyto,100.0,100.0
EX_C00363__extr,100.0,100.0
R02091__cyto,100.0,100.0
R02746__cyto,100.0,100.0
R08179__pero,100.0,100.0
R07052__cyto,99.823,100.0
R03361__cyto,100.0,100.0
EX_C02097__extr,100.0,100.0
R02029__cyto,100.0,100.0
R00126__cyto,100.0,99.684
R05578__cyto,100.0,100.0
R07110__cyto,99.841,99.841
R04887__cyto,100.0,100.0
TR0000042_CYTMEM__plas,100.0,100.0
R02984__cyto,100.0,100.0
EX_C00704__extr,100.0,100.0
R02260__cyto,100.0,100.0
EX_C05212__extr,100.0,100.0
TO1000412_CYTMEM__plas,99.84,99.84
R03530__cyto,100.0,100.0
EX_C06197__extr,100.0,100.0
R07051__cyto,99.823,100.0
TR0000167_CYTMEM__plas,100.0,100.0
R04001__cyto,100.0,100.0
R02098__cyto,100.0,100.0
TO0000184_CYTMEM__plas,100.0,100.0
R03471__cyto,100.0,100.0
R01775__cyto,100.0,100.0
EX_C00195__extr,100.0,100.0
R00848__cyto,100.0,100.0
TR2900846_CYTMEM__plas,100.0,100.0
R00086__mito,100.0,100.0
EX_C00253__extr,100.0,100.0
R02096__cyto,100.0,100.0
TR2900924_CYTMEM__plas,100.0,100.0
TR2916163_CYTMEM__plas,100.0,100.0
R02101__cyto,99.688,100.0
R01070__cyto,100.0,100.0
TO0000021_EXTR__plas,100.0,100.0
EX_C00532__extr,100.0,100.0
TZ2900069_CYTMEM__plas,100.0,100.0
TR2900165_CYTMEM__plas,100.0,100.0
R11945__mito,100.0,100.0
T_Glutamine_c00064_ExtrCyto__plas,100.0,100.0
R03409__cyto,100.0,100.0
R02748__cyto,100.0,100.0
R01496__cyto,100.0,100.0
R01005__cyto,100.0,100.0
R00239__cyto,100.0,100.0
EX_C00364__extr,100.0,100.0
R10035__cyto,100.0,100.0
EX_C00256__extr,100.0,100.0
TR1000724_CYTMEM__plas,100.0,100.0
T_Isocitrate_c00311_CytoMito__plas,100.0,100.0
R00677__cyto,36.386,36.386
R00472__cyto,100.0,100.0
TR0000062_CYTMEM__plas,100.0,100.0
TR2900196_CYTMEM__plas,100.0,100.0
R06516__cyto,100.0,100.0
T_Imidazole__plas,100.0,100.0
R02820__cyto,100.0,100.0
R04882__cyto,100.0,100.0
R02093__cyto,100.0,100.0
TO0000438_CYTMEM__plas,100.0,100.0
R07111__cyto,99.841,99.841
R01056__cyto,100.0,100.0
TR0000020_CYTMEM__plas,100.0,100.0
EX_C00583__extr,100.0,100.0
TO1002555_CYTMEM__plas,100.0,100.0
R01665__cyto,100.0,100.0
R01059__cyto,100.0,100.0
TR1000185_CYTMEM__plas,100.0,100.0
TR2900036_CYTMEM__plas,100.0,100.0
TO1000926_CYTMEM__plas,100.0,100.0
EX_C00422__extr,100.0,100.0
TR0011624_CYTMEM__plas,100.0,100.0
EX_C01132__extr,100.0,100.0
R02372__cyto,100.0,100.0
TO1000365_CYTMEM__plas,100.0,100.0
EX_C00036__extr,100.0,100.0
R08359__cyto,100.0,100.0
R02094__cyto,100.0,100.0
EX_C19084__extr,100.0,100.0
R01724__cyto,100.0,100.0
R00191__cyto,100.0,100.0
EX_C00474__extr,100.0,100.0
R03018__cyto,100.0,100.0
R01058__cyto,100.0,100.0
R08177__pero,100.0,100.0
TR2901003_CYTMEM__plas,100.0,100.0
T_all_trans_Nonaprenyl_diphosphate_c04145_MitoCyto__plas,100.0,100.0
R00569__cyto,100.0,100.0
R03238__cyto,100.0,100.0
R07384__cyto,100.0,100.0
R02541__cyto,100.0,100.0
R03348__cyto,100.0,100.0
R07274__cyto,100.0,100.0
EX_C00087__extr,100.0,100.0
R05639__cyto,100.0,100.0
R07494__cyto,99.43,99.43
TR1000212_CYTMEM__plas,100.0,100.0
EX_C12270__extr,100.0,100.0
EX_C03968__extr,100.0,100.0
EX_C07086__extr,100.0,100.0
TR0012785_CYTMEM__plas,100.0,100.0
TO0010516_EXTR__plas,100.0,100.0
R02030__mito,100.0,100.0
EX_Reduced_NADPH___hemoprotein_reductase__cyto,100.0,100.0
R01857__cyto,100.0,100.0
EX_C00149__extr,100.0,100.0
R12173__cyto,100.0,100.0
R00710__cyto,100.0,100.0
R04420__cyto,100.0,100.0
R02568__cyto,100.0,100.0
R03304__cyto,100.0,100.0
R02250__cyto,100.0,100.0
EX_C05402__extr,100.0,100.0
EX_C01083__extr,100.0,100.0
R00590__pero,100.0,100.0
R12119__mito,99.808,99.808
R10633__cyto,100.0,100.0
R04856__cyto,100.0,100.0
R02855__cyto,91.768,91.768
R00157__cyto,100.0,100.0
TR0000404_CYTMEM__plas,100.0,100.0
R02537__pero,100.0,100.0
R00275__cyto,100.0,100.0
R07394__cyto,100.0,100.0
R04982__mito,100.0,100.0
R00964__cyto,100.0,100.0
EX_C04146__extr,100.0,100.0
TR0001080_CYTMEM__plas,100.0,100.0
TZ2900039_CYTMEM__plas,100.0,100.0
R11218__cyto,100.0,100.0
TR0015429_CYTMEM__plas,100.0,100.0
R00939__mito,100.0,100.0
R09087__cyto,100.0,100.0
R02850__cyto,100.0,100.0
EX_C01260__extr,100.0,100.0
EX_C00026__extr,100.0,100.0
EX_C04230__extr,100.0,100.0
R00621__mito,100.0,100.0
TR2000083_CYTMEM__plas,100.0,100.0
R03084__cyto,100.0,100.0
TR1000276_CYTMEM__plas,100.0,100.0
EX_C00559__extr,100.0,100.0
TR2000128_CYTMEM__plas,100.0,100.0
R00867__cyto,100.0,100.0
R07491__cyto,100.0,100.0
TR0003225_CYTMEM__plas,100.0,100.0
R01083__cyto,99.793,99.793
R02978__cyto,100.0,100.0
TR0002557_CYTMEM__plas,100.0,100.0
EX_C05102__extr,100.0,100.0
R02035__cyto,100.0,100.0
R12427__mito,100.0,100.0
R00428__cyto,100.0,100.0
R12152__cyto,100.0,100.0
EX_C11907__extr,100.0,100.0
R02694__cyto,100.0,100.0
R04725__cyto,100.0,100.0
TR0000056_CYTMEM__plas,100.0,100.0
R03363__cyto,100.0,100.0
TR0015426_CYTMEM__plas,100.0,100.0
EX_C00407__extr,100.0,100.0
R07509__cyto,100.0,100.0
R04945__cyto,100.0,100.0
EX_C07649__extr,100.0,100.0
TR0002544_CYTMEM__plas,100.0,99.695
R04513__mito,100.0,100.0
R07483__cyto,100.0,100.0
R03401__cyto,99.743,99.743
R04293__cyto,100.0,100.0
R02665__cyto,100.0,100.0
R00402__cyto,99.85,100.0
R00782__cyto,100.0,100.0
EX_C00369__extr,100.0,100.0
R00900__cyto,100.0,100.0
R11099__cyto,100.0,100.0
T_Isoleucine_c00407_ExtrCyto__plas,100.0,100.0
R00870__cyto,100.0,100.0
EX_Ferrocytochrome__cyto,100.0,100.0
EX_C00051__extr,100.0,100.0
R00127__mito,100.0,100.0
R03650__cyto,100.0,100.0
R00342__cyto,100.0,100.0
TR2000679_CYTMEM__plas,100.0,100.0
EX_C00208__extr,100.0,100.0
TO1000125_CYTMEM__plas,100.0,100.0
R07762__cyto,100.0,100.0
TR2900310_CYTMEM__plas,100.0,100.0
R00939__cyto,100.0,100.0
R01315__e_r_,100.0,100.0
TO1003705_CYTMEM__plas,99.84,99.84
R07238__mito,100.0,100.0
R05190__cyto,100.0,100.0
EX_C00300__extr,100.0,100.0
TR1000074_CYTMEM__plas,100.0,100.0
TR2900153_CYTMEM__plas,100.0,100.0
R01899__mito,100.0,100.0
EX_C00330__extr,100.0,100.0
R04953__cyto,100.0,100.0
EX_C00157__extr,100.0,100.0
TR0000829_CYTMEM__plas,100.0,100.0
TO1001017_CYTMEM__plas,100.0,100.0
R01324__cyto,100.0,100.0
R02408__cyto,100.0,100.0
R04990__mito,100.0,100.0
TO1000493_CYTMEM__plas,100.0,100.0
TR2900160_CYTMEM__plas,100.0,100.0
R03341__cyto,100.0,100.0
TO0000654_CYTMEM__plas,100.0,100.0
R04543__cyto,100.0,100.0
R03968__cyto,100.0,100.0
EX_C00216__extr,100.0,100.0
TR0012582_CYTMEM__plas,100.0,100.0
R00181__cyto,100.0,100.0
R02297__cyto,100.0,100.0
R04982__cyto,100.0,100.0
R01082__mito,100.0,100.0
R03469__cyto,100.0,100.0
R00702__cyto,100.0,100.0
R01954__cyto,100.0,100.0
TR0000012_CYTMEM__plas,100.0,100.0
TR0000067_CYTMEM__plas,100.0,100.0
R00089__cyto,100.0,100.0
R00372__cyto,100.0,100.0
R00529__cyto,100.0,100.0
TR1000644_CYTMEM__plas,100.0,100.0
R11218__mito,100.0,100.0
R01074__cyto,100.0,100.0
EX_C04489__extr,100.0,100.0
TR0011715_CYTMEM__plas,100.0,100.0
R07043__cyto,99.823,100.0
R00648__cyto,100.0,100.0
EX_C04324__extr,100.0,100.0
TR2900039_CYTMEM__plas,100.0,100.0
R03596__cyto,100.0,100.0
EX_C14818__extr,100.0,100.0
R12085__cyto,100.0,100.0
R00494__cyto,99.839,100.0
EX_C04052__extr,100.0,100.0
T_threonine_c00188_CytoMito___plas,100.0,100.0
EX_C00063__extr,100.0,100.0
R06527__cyto,100.0,100.0
R00707__mito,100.0,100.0
EX_C00181__extr,100.0,100.0
R00114__cyto,100.0,100.0
R03088__cyto,99.823,100.0
R03654__cyto,100.0,100.0
TO1000310_CYTMEM__plas,100.0,100.0
TR1000258_CYTMEM__plas,100.0,100.0
R12423__mito,100.0,100.0
R00927__cyto,100.0,100.0
EX_C00499__extr,100.0,100.0
R00719__cyto,100.0,100.0
R03050__mito,100.0,100.0
R00935__cyto,100.0,100.0
R03659__cyto,100.0,100.0
R04911__cyto,100.0,100.0
TR0000776_CYTMEM__plas,100.0,100.0
R11319__cyto,100.0,100.0
TR0015541_CYTMEM__plas,100.0,100.0
R01041__cyto,100.0,100.0
R00122__cyto,100.0,100.0
R01354__cyto,100.0,100.0
R00330__cyto,100.0,100.0
TR1008367_CYTMEM__plas,100.0,100.0
T_Ethylamine_CytoPero__pero,100.0,100.0
EX_C00022__extr,100.0,100.0
R02697__pero,100.0,100.0
R01082__cyto,100.0,100.0
TR2900183_CYTMEM__plas,100.0,100.0
R00994__cyto,100.0,100.0
R00335__cyto,100.0,100.0
R04360__cyto,100.0,100.0
EX_C00681__extr,100.0,100.0
R05069__mito,99.748,99.748
EX_C00055__extr,100.0,100.0
R09365__cyto,99.739,99.739
TR2901049_CYTMEM__plas,100.0,100.0
EX_C01054__extr,100.0,100.0
EX_C00114__extr,100.0,100.0
TR1000108_CYTMEM__plas,100.0,100.0
R01320__cyto,100.0,100.0
R03096__cyto,100.0,100.0
R04957__cyto,100.0,99.951
EX_C00068__extr,100.0,100.0
R04586__cyto,100.0,100.0
TR0012599_CYTMEM__plas,100.0,100.0
R00369__cyto,100.0,100.0
EX_C00842__extr,100.0,100.0
TR2900120_CYTMEM__plas,100.0,100.0
R12026__cyto,100.0,100.0
R07238__cyto,100.0,100.0
R03302__pero,100.0,100.0
TR0000015_CYTMEM__plas,99.876,99.876
EX_Fatty_acid__extr,100.0,100.0
R00706__cyto,100.0,100.0
R07364__cyto,100.0,100.0
R00774__cyto,99.945,99.945
R03646__cyto,100.0,100.0
R00115__cyto,100.0,100.0
EX_C00460__extr,100.0,100.0
EX_C04637__extr,100.0,100.0
EX_C06620__extr,100.0,100.0
TR2900171_CYTMEM__plas,100.0,100.0
R04640__cyto,100.0,100.0
R01519__cyto,100.0,100.0
EX_C00283__extr,100.0,100.0
EX_C05356__extr,100.0,100.0
R00926__cyto,100.0,100.0
TZ2900003_CYTMEM__plas,100.0,100.0
EX_C03715__extr,100.0,100.0
R08282__cyto,100.0,100.0
R09366__cyto,100.0,100.0
R02124__cyto,100.0,100.0
R00271__cyto,100.0,100.0
R01579__cyto,100.0,100.0
R00156__cyto,100.0,100.0
TO1001217_CYTMEM__plas,99.84,99.84
R00217__mito,100.0,100.0
R01959__cyto,100.0,100.0
R11527__cyto,100.0,100.0
TR0002198_CYTMEM__plas,100.0,100.0
TR2900227_CYTMEM__plas,100.0,100.0
R01201__cyto,100.0,100.0
EX_C05847__extr,100.0,100.0
TR0011789_CYTMEM__plas,100.0,100.0
T_Agmatine__plas,100.0,100.0
EX_C00558__extr,100.0,100.0
R10828__cyto,100.0,100.0
R01858__cyto,100.0,100.0
R04958__cyto,100.0,99.951
R05724__cyto,100.0,100.0
R05071__cyto,100.0,100.0
R12185__cyto,100.0,100.0
T_Linoleoyl_CoA_c02050_CytoPero__plas,100.0,100.0
R00876__cyto,100.0,100.0
EX_C02348__extr,100.0,100.0
TO0021423_CYTMEM__plas,100.0,100.0
R09375__cyto,9.251,9.251
R01920__cyto,100.0,100.0
R04891__pero,100.0,100.0
TR2900009_CYTMEM__plas,100.0,100.0
R00217__cyto,100.0,100.0
R05064__cyto,100.0,100.0
R00715__cyto,100.0,100.0
R07140__cyto,100.0,100.0
TO1000506_CYTMEM__plas,100.0,100.0
EX_C00123__extr,100.0,100.0
R01138__cyto,100.0,100.0
TR0020344_CYTMEM__plas,100.0,100.0
R01641__cyto,100.0,100.0
R04892__pero,100.0,100.0
R03875__cyto,100.0,100.0
R00274__cyto,100.0,100.0
TR0012438_CYTMEM__plas,100.0,100.0
R00714__cyto,100.0,100.0
TR2900121_CYTMEM__plas,100.0,100.0
T_ATP_ADP_Mito_Antiporter__mito,100.0,100.0
R03655__cyto,100.0,100.0
TR0000096_CYTMEM__plas,100.0,100.0
R00158__cyto,100.0,100.0
EX_C00064__extr,100.0,100.0
R08283__cyto,100.0,100.0
TR2900172_CYTMEM__plas,100.0,100.0
R03435__cyto,99.891,99.891
EX_C00122__extr,100.0,100.0
R07136__cyto,100.0,100.0
R01139__cyto,100.0,100.0
R04480__cyto,100.0,100.0
EX_C04737__extr,100.0,100.0
TR2900035_CYTMEM__plas,100.0,100.0
EX_C00020__extr,100.0,100.0
EX_C00247__extr,100.0,100.0
T_C3107_D_Glucono_1_5_lactone___plas,100.0,100.0
R03838__cyto,100.0,100.0
R01175__cyto,100.0,100.0
EX_C05697__extr,100.0,100.0
R02199__mito,100.0,100.0
R03098__cyto,99.929,99.929
TR1000048_CYTMEM__plas,100.0,100.0
TR2900852_CYTMEM__plas,100.0,100.0
T_S_Adenosyl_L_Homocysteine_c00021_MitoCyto__plas,100.0,100.0
R02530__cyto,100.0,100.0
R04954__cyto,100.0,99.951
R01799__cyto,100.0,100.0
TR0003387_CYTMEM__plas,100.0,100.0
EX_C00526__extr,100.0,100.0
R07679__cyto,100.0,100.0
EX_C00025__extr,100.0,100.0
R03991__cyto,100.0,100.0
R04544__cyto,100.0,99.951
EX_C00242__extr,100.0,100.0
R03332__cyto,99.891,99.891
R04231__cyto,100.0,100.0
EX_C00378__extr,100.0,100.0
R00185__cyto,100.0,100.0
T_Choline_c00114_ExtrCyto__plas,99.475,99.65
TO0003705_CYTMEM__plas,100.0,100.0
R11098__cyto,100.0,100.0
R01397__cyto,100.0,100.0
EX_C04549__extr,100.0,100.0
TR0003476_CYTMEM__plas,100.0,100.0
Carbohydrates__cyto,100.0,100.0
R07763__cyto,100.0,100.0
TR0008685_CYTMEM__plas,100.0,100.0
TR0000903_CYTMEM__plas,100.0,100.0
TR0003443_CYTMEM__plas,100.0,100.0
R07393__cyto,100.0,100.0
TR2900290_CYTMEM__plas,100.0,100.0
TR0000577_CYTMEM__plas,100.0,100.0
TR1000104_CYTMEM__plas,100.0,100.0
EX_C00183__extr,100.0,100.0
R01481__cyto,100.0,99.713
R02382__cyto,100.0,100.0
R00965__cyto,100.0,100.0
R11219__cyto,100.0,100.0
Ex_Drain_C00089_Sucrose__cyto,100.0,100.0
R00619__cyto,100.0,100.0
EX_C04145__extr,100.0,100.0
R00306__cyto,100.0,100.0
R01518__cyto,100.0,100.0
TR0011652_CYTMEM__plas,100.0,100.0
EX_C03372__extr,100.0,100.0
R00022__cyto,100.0,100.0
T_Hydrogen_peroxide_V1__pero,100.0,100.0
R01234__cyto,100.0,100.0
TZ2900043_CYTMEM__plas,100.0,100.0
T_Succinate_c00042_CytoMito__plas,100.0,100.0
T_Proline_c00148_ExtrCyto__plas,100.0,100.0
R01049__cyto,100.0,100.0
R00711__cyto,100.0,100.0
EX_C00185__extr,100.0,100.0
R12118__mito,99.808,99.808
R03776__cyto,100.0,100.0
T_S_Adenosyl_L_Methionine_c00019_CytoMito___plas,100.0,100.0
R08161__cyto,100.0,100.0
T_CO2_C00011_CytoMito__plas,100.0,100.0
R00999__cyto,100.0,100.0
TR1000218_CYTMEM__plas,100.0,100.0
R10851__mito,100.0,100.0
TZ3000003_CYTMEM__plas,100.0,100.0
R07237__cyto,100.0,100.0
R04014__cyto,100.0,99.951
R02819__cyto,100.0,100.0
EX_C00188__extr,100.0,100.0
R02750__cyto,100.0,100.0
R07896__cyto,100.0,100.0
TO0000021_CYTMEM__plas,100.0,100.0
TR2900293_CYTMEM__plas,100.0,100.0
TR1000832_CYTMEM__plas,100.0,100.0
R03527__cyto,100.0,100.0
R07951__cyto,100.0,99.889
T_Ethanol_c00469__plas,100.0,100.0
R07395__cyto,100.0,100.0
R02222__cyto,100.0,100.0
R11217__cyto,100.0,100.0
TO1011451_CYTMEM__plas,100.0,100.0
TR0003176_CYTMEM__plas,100.0,100.0
TZ3000018_CYTMEM__plas,100.0,100.0
EX_C00462__extr,100.0,100.0
EX_C00158__extr,100.0,100.0
R04952__cyto,100.0,99.951
R01513__cyto,100.0,100.0
TR0001122_CYTMEM__plas,100.0,100.0
R07045__cyto,99.823,100.0
R00590__cyto,100.0,100.0
R02473__cyto,100.0,100.0
R04482__cyto,100.0,100.0
R00092__cyto,100.0,100.0
TR1000395_CYTMEM__plas,100.0,100.0
R07235__mito,100.0,100.0
TR0000074_CYTMEM__plas,100.0,100.0
T_Phenylalanine_c00079_ExtrCyto__plas,100.0,100.0
EX_C00245__extr,100.0,100.0
TR0015555_CYTMEM__plas,100.0,100.0
R07953__cyto,100.0,100.0
R00836__cyto,100.0,100.0
R02251__cyto,100.0,100.0
R01602__cyto,100.0,100.0
EX_C16487__extr,100.0,100.0
R07760__cyto,100.0,100.0
TR0003846_CYTMEM__plas,100.0,100.0
TR2916859_CYTMEM__plas,100.0,100.0
TR0010516_CYTMEM__plas,100.0,100.0
TR0000119_CYTMEM__plas,100.0,100.0
R08163__cyto,100.0,99.951
EX_C00655__extr,100.0,100.0
R00968__cyto,100.0,100.0
R07237__mito,100.0,100.0
R01325__mito,100.0,100.0
EX_C00376__extr,100.0,100.0
R04734__cyto,100.0,100.0
R07859__cyto,100.0,100.0
R07042__cyto,99.823,100.0
R03093__cyto,100.0,100.0
EX_C05973__extr,100.0,100.0
EX_C01230__extr,100.0,100.0
TR0012801_CYTMEM__plas,100.0,100.0
TZ2900046_CYTMEM__plas,100.0,100.0
EX_C01010__extr,100.0,100.0
TR2900963_CYTMEM__plas,100.0,100.0
R02848__cyto,100.0,100.0
R04983__mito,100.0,100.0
R01676__cyto,100.0,100.0
EX_C00244__extr,100.0,100.0
R00650__cyto,100.0,100.0
R00094__cyto,100.0,100.0
R01899__pero,100.0,100.0
R01896__cyto,100.0,100.0
R10948__cyto,100.0,100.0
TR0002507_CYTMEM__plas,100.0,99.695
R00430__cyto,100.0,100.0
TR2900024_CYTMEM__plas,100.0,100.0
R12424__mito,100.0,100.0
R07044__cyto,99.823,100.0
TR1001307_CYTMEM__plas,100.0,100.0
EX_C06473__cyto,100.0,100.0
R03663_Cyto__cyto,100.0,100.0
R01230__cyto,100.0,100.0
R07761__cyto,100.0,100.0
R04325__cyto,100.0,100.0
R01326__cyto,100.0,100.0
R04984__cyto,100.0,100.0
TR0000099_CYTMEM__plas,100.0,100.0
R01827__cyto,100.0,100.0
EX_C00712__extr,100.0,100.0
R02317__cyto,99.929,99.929
R00524__cyto,100.0,100.0
R07892__cyto,100.0,100.0
R03777__cyto,100.0,100.0
TO1000128_CYTMEM__plas,100.0,100.0
TR0002169_CYTMEM__plas,100.0,100.0
R06522__cyto,100.0,100.0
R03118__cyto,100.0,100.0
EX_C04233__extr,100.0,100.0
R01548__cyto,100.0,100.0
TR2900856_CYTMEM__plas,100.0,100.0
TI6900007_CYTMEM__plas,100.0,100.0
R12429__mito,99.784,99.784
TR0008908_CYTMEM__plas,100.0,100.0
TR2901086_CYTMEM__plas,100.0,100.0
R00967__cyto,100.0,100.0
R02197__mito,36.386,36.386
R07950__cyto,100.0,100.0
R10852__mito,100.0,100.0
R02909__cyto,100.0,100.0
EX_C00212__extr,100.0,100.0
R01547__cyto,100.0,100.0
TR2900923_CYTMEM__plas,100.0,100.0
TR0000052_CYTMEM__plas,100.0,100.0
R03778__cyto,100.0,100.0
R01177__cyto,100.0,100.0
R03090__cyto,99.823,100.0
R10852__cyto,100.0,100.0
R04673__mito,100.0,100.0
EX_C00153__extr,100.0,100.0
R07891__cyto,100.0,100.0
TR0000048_CYTMEM__plas,100.0,100.0
R12428__mito,100.0,100.0
R01268__cyto,82.883,82.883
EX_C17349__extr,100.0,100.0
R01015__cyto,100.0,100.0
R08698__cyto,100.0,100.0
EX_C00096__extr,100.0,100.0
TR0000126_CYTMEM__plas,100.0,100.0
R01731__cyto,100.0,100.0
R00028__cyto,100.0,100.0
R10851__cyto,100.0,100.0
R08193__cyto,100.0,100.0
EX_C08813__extr,100.0,100.0
R02164__mito,100.0,100.0
R07486__cyto,100.0,100.0
R04892__cyto,100.0,100.0
R04326__cyto,100.0,100.0
TR2900235_CYTMEM__plas,100.0,100.0
R01986__cyto,100.0,100.0
T_Hydrogen_peroxide__pero,100.0,100.0
R12205__cyto,100.0,100.0
R01327__cyto,100.0,100.0
R07324__cyto,99.808,100.0
R00746__cyto,100.0,99.713
TI6900011_CYTMEM__plas,100.0,100.0
R03460__cyto,100.0,100.0
EX_C01081__extr,100.0,100.0
R03245__cyto,100.0,100.0
EX_C00525__extr,100.0,100.0
R03300__cyto,100.0,100.0
TR0002603_CYTMEM__plas,100.0,100.0
R07765__cyto,100.0,99.951
R00025__cyto,100.0,100.0
TO1000246_CYTMEM__plas,99.84,99.84
EX_C04730__extr,100.0,100.0
R07109__cyto,99.841,99.841
R01395__cyto,100.0,100.0
R07392__cyto,100.0,100.0
R02695__cyto,100.0,100.0
R06521__mito,100.0,100.0
R05000__mito,100.0,100.0
R10634__cyto,100.0,100.0
R01549__cyto,100.0,100.0
R02315__cyto,100.0,100.0
R01010__cyto,100.0,100.0
EX_C00309__extr,100.0,100.0
R00802__cyto,100.0,100.0
R00189__cyto,99.86,99.86
R10040__cyto,100.0,100.0
TO0001217_CYTMEM__plas,100.0,100.0
TR0000304_CYTMEM__plas,100.0,100.0
EX_C01674__extr,100.0,100.0
TR0000355_CYTMEM__plas,100.0,100.0
R02537__cyto,100.0,100.0
R01826__cyto,100.0,100.0
R01013__cyto,100.0,100.0
R07489__mito,100.0,100.0
T_Glycoaldehyde_C00266_CytoExtr__plas,100.0,100.0
T_PyridoxalPhosphateResidue_M8423_CytoExtr__plas,100.0,100.0
TO1021423_CYTMEM__plas,99.84,99.84
R07048__cyto,99.823,100.0
R02534__cyto,100.0,100.0
EX_C04672__extr,100.0,100.0
EX_C00152__extr,100.0,100.0
R01730__cyto,100.0,100.0
R02038__cyto,99.752,100.0
R04390__cyto,99.929,99.929
TR0000188_CYTMEM__plas,100.0,100.0
EX_C02223__extr,100.0,100.0
R02814__cyto,100.0,99.951
TR0000008_CYTMEM__plas,100.0,100.0
R02536__cyto,100.0,100.0
R02697__cyto,100.0,100.0
R03243__cyto,100.0,100.0
R00188__cyto,100.0,100.0
R02976__mito,100.0,100.0
R00961__cyto,100.0,100.0
EX_C00029__extr,100.0,100.0
EX_C00249__extr,100.0,100.0
TR0000947_CYTMEM__plas,100.0,100.0
R04672__mito,100.0,100.0
R02756__cyto,100.0,100.0
TZ2900068_CYTMEM__plas,100.0,100.0
R01829__cyto,100.0,100.0
R06521__cyto,100.0,100.0
EX_C00469__extr,100.0,100.0
TR2900275_CYTMEM__plas,100.0,100.0
R02976__cyto,100.0,100.0
TR1000222_CYTMEM__plas,100.0,100.0
R01608__cyto,100.0,100.0
TR0003850_CYTMEM__plas,100.0,100.0
R00742__cyto,100.0,100.0
R03522__cyto,100.0,100.0
R01231__cyto,100.0,100.0
R06740__cyto,100.0,100.0
R00962__cyto,100.0,100.0
R07108__cyto,99.841,99.841
R03302__cyto,100.0,100.0
R00465__cyto,100.0,100.0
R00187__cyto,99.457,99.457
R01392__cyto,100.0,100.0
R01890__cyto,100.0,100.0
R00801__cyto,100.0,100.0
R00245__cyto,100.0,100.0
R01011__cyto,100.0,100.0
TR2900135_CYTMEM__plas,100.0,100.0
R04171__cyto,100.0,100.0
R06520__cyto,100.0,100.0
R00776__cyto,100.0,100.0
R04883__cyto,100.0,100.0
R00235__cyto,100.0,100.0
R00940__mito,100.0,100.0
TR2900264_CYTMEM__plas,100.0,100.0
R01512__cyto,99.76,99.76
R02236__cyto,100.0,100.0
T_H2O_c00001_PeroCyto__plas,100.0,100.0
R05066__cyto,100.0,100.0
EX_Biomass__cyto,100.0,100.0
TR0001743_CYTMEM__plas,100.0,100.0
R00256__mito,100.0,100.0
R02695__pero,100.0,100.0
R06517__cyto,100.0,100.0
R00366__cyto,100.0,100.0
R00104__cyto,100.0,100.0
R03103__cyto,99.929,99.929
TR2900813_CYTMEM__plas,100.0,100.0
R00409__cyto,100.0,100.0
R02472__cyto,100.0,100.0
R03239__cyto,100.0,100.0
EX_C00053__extr,100.0,100.0
TR2916158_CYTMEM__plas,100.0,100.0
EX_C02059__extr,100.0,100.0
EX_C00294__extr,100.0,100.0
EX_C00506__extr,100.0,100.0
TR0011422_CYTMEM__plas,100.0,100.0
EX_C11537__extr,100.0,100.0
R10711__cyto,100.0,100.0
TR1019001_CYTMEM__plas,100.0,100.0
R00197__cyto,100.0,100.0
R05068_Mito__mito,100.0,100.0
R04173__cyto,100.0,100.0
EX_C00184__extr,100.0,100.0
R00087__cyto,100.0,100.0
EX_NADPH__cyto,100.0,100.0
R07346__cyto,100.0,100.0
R02100__cyto,100.0,100.0
R08770__mito,100.0,100.0
R03300__pero,100.0,100.0
R04888__cyto,100.0,100.0
R06064__cyto,100.0,100.0
R02088__cyto,100.0,100.0
EX_C00032__extr,100.0,100.0
TZ3000021_CYTMEM__plas,100.0,100.0
R00709__mito,100.0,100.0
R03283__pero,100.0,100.0
R00996_Mito__mito,100.0,100.0
R09511__cyto,100.0,100.0
TR0011456_CYTMEM__plas,100.0,100.0
R00214__cyto,100.0,100.0
R07215__cyto,100.0,100.0
EX_C05442__extr,100.0,100.0
TR0015528_CYTMEM__plas,100.0,100.0
R05640__cyto,99.808,99.808
e_Biomass__cyto,100.0,100.0
R00514__cyto,100.0,100.0
R00497__cyto,100.0,100.0
EX_C00299__extr,100.0,100.0
R00087__mito,100.0,100.0
EX_C00079__extr,100.0,100.0
R02920__cyto,100.0,100.0
R07046__cyto,99.823,100.0
ATP_Maintenance__cyto,100.0,100.0
TR0002601_CYTMEM__plas,100.0,100.0
R01402__cyto,100.0,100.0
R00268__pero,100.0,100.0
R08283__pero,100.0,100.0
R04457__cyto,100.0,100.0
EX_C03483__extr,100.0,100.0
EX_C00958__extr,100.0,100.0
R00425__cyto,100.0,100.0
TR0001741_CYTMEM__plas,100.0,100.0
EX_C04144__extr,100.0,100.0
R00966__cyto,100.0,100.0
R00996__cyto,100.0,100.0
R04867__cyto,100.0,100.0
R01018__cyto,100.0,100.0
R02282__cyto,100.0,100.0
EX_C00243__extr,100.0,100.0
EX_C06892__extr,100.0,100.0
R00835__cyto,100.0,100.0
EX_C00379__extr,100.0,100.0
R02971__cyto,100.0,100.0
R08360__cyto,100.0,100.0
R04558__cyto,100.0,100.0
EX_C00074__extr,100.0,100.0
R03665__cyto,99.905,99.905
R07456__cyto,100.0,100.0
R02493__cyto,100.0,100.0
R06863__cyto,100.0,100.0
R02531__cyto,100.0,100.0
R00214__mito,100.0,100.0
TR2900095_CYTMEM__plas,100.0,100.0
T_2_oxobutanoate_c00109_MitoCyto___plas,100.0,100.0
R00125__cyto,99.415,99.415
EX_C00112__extr,100.0,100.0
EX_C03272__extr,100.0,100.0
R04537__cyto,100.0,99.951
TR2900847_CYTMEM__plas,100.0,100.0
EX_C00353__extr,100.0,100.0
R08539__cyto,100.0,100.0
T_O2_c00007_MitoCyto__plas,100.0,100.0
R00725__cyto,100.0,100.0
R04300__cyto,100.0,100.0
R00256__cyto,100.0,100.0
R00755__cyto,100.0,100.0
R01318__cyto,100.0,100.0
R03534__cyto,100.0,100.0
R00066__cyto,100.0,100.0
R03424__cyto,100.0,100.0
TO1000419_CYTMEM__plas,100.0,100.0
T_Urethane__plas,100.0,100.0
R09993__cyto,100.0,100.0
R02142__cyto,100.0,99.531
R00945__cyto,100.0,100.0
R01711__cyto,100.0,100.0
T__9Z_12Z_15Z__Octadecatrienoic_acid_c06427_PeroCyto__plas,100.0,100.0
R11765__cyto,100.0,100.0
R06364__cyto,100.0,100.0
TR2900232_CYTMEM__plas,100.0,100.0
TR0011657_CYTMEM__plas,100.0,100.0
R01758__cyto,100.0,100.0
R01648__cyto,100.0,100.0
TR0005274_CYTMEM__plas,100.0,100.0
R07316__cyto,100.0,100.0
R04427__cyto,99.468,99.468
EX_C12455__extr,100.0,100.0
R01868__cyto,100.0,100.0
R01575__cyto,100.0,100.0
R00226__mito,100.0,100.0
TR2019240_CYTMEM__plas,100.0,100.0
R11765__mito,100.0,100.0
TR2916889_CYTMEM__plas,100.0,100.0
T__S__3_Methyl_2_oxopentanoic_acid__mito,100.0,100.0
R00713__cyto,100.0,100.0
EX_C01262__extr,100.0,100.0
EX_C00159__extr,100.0,100.0
R10057__cyto,100.0,100.0
R00615__cyto,100.0,100.0
EX_C05848__extr,100.0,100.0
R01313__cyto,100.0,100.0
EX_C00121__extr,100.0,100.0
TR0012300_CYTMEM__plas,100.0,100.0
R06985__cyto,100.0,100.0
R03269__cyto,100.0,100.0
R00434__cyto,100.0,100.0
R07481__cyto,99.468,99.468
TO1000220_CYTMEM__plas,100.0,100.0
TR0002846_CYTMEM__plas,100.0,100.0
R01137__cyto,100.0,100.0
TO1003279_CYTMEM__plas,99.84,99.84
R02135__cyto,100.0,100.0
R00987__cyto,100.0,100.0
Fatty_Acid__cyto,100.0,100.0
R02025__cyto,100.0,100.0
TR0002996_CYTMEM__plas,100.0,100.0
R01039__cyto,100.0,100.0
R09372__cyto,100.0,100.0
R00155__cyto,100.0,100.0
R02294__cyto,100.0,100.0
R00391__cyto,100.0,100.0
R04963__cyto,100.0,99.951
TR1000100_CYTMEM__plas,100.0,100.0
EX_C00049__extr,100.0,100.0
R01465__cyto,100.0,100.0
TR2900282_CYTMEM__plas,100.0,100.0
R01737__cyto,100.0,100.0
e_Cofactor__cyto,100.0,100.0
R00010__cyto,99.907,100.0
TR2000558_CYTMEM__plas,100.0,100.0
EX_C16502__extr,100.0,100.0
R01639__cyto,97.419,97.419
T_Citrate_c00149_CytoMito__plas,100.0,100.0
EX_C00016__extr,100.0,100.0
R10052__cyto,100.0,100.0
R08159__cyto,100.0,99.951
TO1000218_CYTMEM__plas,100.0,100.0
TR2916906_CYTMEM__plas,100.0,99.708
R11034__cyto,100.0,100.0
R01373__cyto,100.0,100.0
R00670__cyto,100.0,100.0
T_CoA_c00010_PeroCyto__plas,100.0,100.0
R02354__e_r_,99.823,100.0
R11861__cyto,100.0,100.0
R04956__cyto,100.0,100.0
TR0012322_CYTMEM__plas,100.0,100.0
R00277__cyto,100.0,100.0
R00549__cyto,100.0,100.0
EX_C11038__extr,100.0,100.0
TR0000114_CYTMEM__plas,100.0,100.0
R08548__cyto,100.0,100.0
TR0000536_CYTMEM__plas,100.0,100.0
R01870__cyto,100.0,100.0
TR0015538_CYTMEM__plas,100.0,100.0
R03051__mito,99.748,99.748
R09377__cyto,99.828,99.828
R03438__cyto,100.0,100.0
TR2916916_CYTMEM__plas,100.0,100.0
R02058__cyto,100.0,100.0
TR0015536_CYTMEM__plas,100.0,100.0
TR2916891_CYTMEM__plas,100.0,100.0
R04968__cyto,100.0,99.951
R05734__cyto,100.0,100.0
TR1000926_CYTMEM__plas,100.0,100.0
R10116__cyto,100.0,100.0
R05070__mito,100.0,100.0
TR2916887_CYTMEM__plas,100.0,100.0
TR0003557_CYTMEM__plas,100.0,100.0
TR2900278_CYTMEM__plas,100.0,100.0
TR0000331_CYTMEM__plas,100.0,99.695
R01529__cyto,100.0,100.0
TR2900220_CYTMEM__plas,100.0,100.0
EX_C00341__extr,100.0,100.0
e_Protein__cyto,100.0,100.0
TR0002088_CYTMEM__plas,100.0,100.0
R00767__cyto,100.0,100.0
R07899__cyto,100.0,100.0
R00940__cyto,100.0,100.0
R04972__cyto,100.0,100.0
EX_C00777__extr,100.0,100.0
R07641__cyto,100.0,100.0
R06875__cyto,100.0,100.0
R01964__cyto,100.0,100.0
TR2004654_CYTMEM__plas,100.0,100.0
R10994__cyto,100.0,100.0
TR0002649_CYTMEM__plas,100.0,100.0
EX_C11930__extr,100.0,100.0
R04862__cyto,100.0,100.0
R02557__cyto,100.0,100.0
R03222__cyto,100.0,100.0
R12403__cyto,100.0,100.0
R00006__mito,100.0,100.0
T02161__mito,100.0,100.0
R05556__cyto,99.721,99.721
EX_C00062__extr,100.0,100.0
TR2900250_CYTMEM__plas,100.0,100.0
R01863__cyto,100.0,100.0
R11097__mito,100.0,100.0
R02887__cyto,100.0,100.0
R03220__cyto,100.0,100.0
R00551__cyto,100.0,100.0
TR2900248_CYTMEM__plas,100.0,100.0
TO0000246_CYTMEM__plas,100.0,100.0
EX_C00065__extr,100.0,100.0
TO1000577_CYTMEM__plas,100.0,100.0
TR2900849_CYTMEM__plas,100.0,100.0
R09541__cyto,100.0,100.0
R02236__mito,100.0,100.0
R03990__cyto,100.0,100.0
R10120__cyto,100.0,100.0
R00830__cyto,100.0,100.0
EX_C04756__extr,100.0,100.0
R05615__cyto,100.0,100.0
R04959__cyto,100.0,100.0
R05725__cyto,100.0,100.0
R00391__mito,100.0,100.0
R00936__mito,100.0,100.0
T_Mannitol_C00392_Extr_Cyto__plas,100.0,100.0
R03660__cyto,100.0,100.0
R10826__cyto,100.0,100.0
TR2901091_CYTMEM__plas,100.0,100.0
R03869__cyto,100.0,100.0
TO1000242_CYTMEM__plas,100.0,100.0
R11100__cyto,100.0,100.0
R02291__cyto,100.0,100.0
R12405__cyto,100.0,100.0
TR2900230_CYTMEM__plas,100.0,100.0
R00771__cyto,100.0,100.0
R06875__mito,100.0,100.0
R07034__cyto,100.0,100.0
TR0003555_CYTMEM__plas,100.0,100.0
R00842__mito,100.0,100.0
T_2_Methylbutanal__plas,100.0,100.0
R01004__cyto,100.0,100.0
TR2900875_CYTMEM__plas,100.0,100.0
R00678__cyto,100.0,100.0
R04440__cyto,100.0,100.0
R01057__cyto,100.0,100.0
R04509__cyto,100.0,100.0
T_Ophothalmate__cyto,100.0,100.0
R10208__cyto,100.0,99.951
EX_C00234__extr,100.0,100.0
R02412__cyto,100.0,100.0
R01135__cyto,100.0,100.0
TR1009049_CYTMEM__plas,100.0,100.0
TO1001401_CYTMEM__plas,100.0,100.0
TR0000209_CYTMEM__plas,100.0,100.0
EX_C00534__extr,100.0,100.0
R04035__cyto,100.0,100.0
R02543__cyto,100.0,100.0
R08360__pero,100.0,100.0
EX_C15782__extr,100.0,100.0
R03656__cyto,100.0,100.0
R02985__cyto,100.0,100.0
TO0003279_CYTMEM__plas,100.0,100.0
T_MitoCyto_C00141_3_Methyl_2_oxobutanoic_acid___plas,100.0,100.0
R04209__cyto,100.0,100.0
R12121__mito,99.808,99.808
R09250__cyto,100.0,100.0
EX_C00124__extr,100.0,100.0
TR0000365_CYTMEM__plas,100.0,100.0
R02536__pero,100.0,100.0
EX_C00386__extr,100.0,100.0
R04724__cyto,100.0,99.951
EX_C00344__extr,100.0,100.0
T_Octadecanoic_Acid_c01530_PeroCyto__plas,100.0,100.0
R01130__cyto,100.0,100.0
R00289__cyto,99.802,99.802
TR0012802_CYTMEM__plas,100.0,100.0
R00895__cyto,100.0,100.0
R00659__cyto,100.0,100.0
R02527__cyto,100.0,100.0
R01315__cyto,100.0,100.0
TR0000532_CYTMEM__plas,100.0,100.0
TR0015532_CYTMEM__plas,100.0,100.0
R00769__cyto,100.0,100.0
TR2900025_CYTMEM__plas,100.0,100.0
R01009__cyto,100.0,100.0
TR2000054_CYTMEM__plas,100.0,100.0
R02133__cyto,100.0,100.0
R01071__cyto,100.0,100.0
EX_C00177__extr,100.0,100.0
TR2900136_CYTMEM__plas,100.0,100.0
R01800__cyto,100.0,100.0
TR0011677_CYTMEM__plas,100.0,100.0
EX_C00515__extr,100.0,100.0
R01352__cyto,100.0,100.0
R03894__cyto,100.0,100.0
EX_C01885__extr,100.0,100.0
R03658__cyto,100.0,100.0
EX_C00250__extr,100.0,100.0
EX_C06427__extr,100.0,100.0
R02175__mito,100.0,100.0
T_Pi_c00009_CytoMito__plas,100.0,100.0
R00694__cyto,100.0,100.0
R01961__cyto,100.0,100.0
TO1000654_CYTMEM__plas,99.84,99.84
EX_C00381__extr,100.0,100.0
R07506__cyto,100.0,100.0
TO1000009_CYTMEM__plas,100.0,100.0
R08632__cyto,100.0,100.0
TR0014518_CYTMEM__plas,100.0,100.0
R12356__cyto,100.0,100.0
R02090__cyto,100.0,100.0
T_L_Glutamate_C00025__plas,100.0,100.0
R02355__cyto,99.823,100.0
EX_C04884__extr,100.0,100.0
R02245__cyto,99.77,99.77
R00842__cyto,100.0,100.0
R01073__cyto,100.0,100.0
R07050__cyto,99.823,100.0
R08509__cyto,100.0,100.0
T_5_Aminopentanal__plas,100.0,100.0
TR2901108_CYTMEM__plas,100.0,100.0
R04960__cyto,100.0,99.951
R05802__cyto,100.0,100.0
TR0000552_CYTMEM__plas,100.0,100.0
R05048__cyto,100.0,100.0
R12400__cyto,100.0,100.0
R03283__cyto,100.0,100.0
TZ2900056_CYTMEM__plas,100.0,100.0
EX_C00491__extr,100.0,100.0
EX_C00818__extr,100.0,100.0
TR2900977_CYTMEM__plas,100.0,100.0
EX_C00019__extr,100.0,100.0
TR2901083_CYTMEM__plas,100.0,100.0
EX_C00239__extr,100.0,100.0
EX_C00459__extr,100.0,100.0
EX_C03479__extr,100.0,100.0
EX_C00880__extr,100.0,100.0
R01411__cyto,100.0,100.0
EX_C00081__extr,100.0,100.0
R00893__cyto,100.0,100.0
EX_Histidine__cyto,100.0,100.0
TR0000487_CYTMEM__plas,100.0,100.0
T_Leucine_c00123_ExtrCyto__plas,100.0,100.0
R01682__cyto,100.0,100.0
EX_C03428__extr,100.0,100.0
R10039__cyto,100.0,100.0
EX_C00550__extr,100.0,100.0
EX_C00440__extr,100.0,100.0
TR0002653_CYTMEM__plas,100.0,99.695
TO1000087_CYTMEM__plas,100.0,100.0
TR2900973_CYTMEM__plas,100.0,100.0
R01462__cyto,100.0,100.0
TR0002172_CYTMEM__plas,100.0,100.0
T_Malate_c00149_CytoMito__plas,100.0,100.0
EX_C00705__extr,100.0,100.0
R01978__cyto,100.0,100.0
R03194__mito,100.0,100.0
R06861__cyto,100.0,100.0
TR2901063_CYTMEM__plas,100.0,100.0
TR0000906_CYTMEM__plas,100.0,100.0
R01132__cyto,100.0,99.531
EX_C00257__extr,100.0,100.0
R00127__cyto,100.0,100.0
R03035__cyto,100.0,100.0
R01771__cyto,100.0,100.0
R05577__cyto,100.0,100.0
R01887__cyto,100.0,100.0
R07759__cyto,100.0,100.0
R04929__cyto,100.0,100.0
R02540__cyto,100.0,100.0
R03920__cyto,100.0,100.0
R04443__cyto,100.0,100.0
R00517__cyto,100.0,100.0
R00084__cyto,100.0,100.0
EX_C13425__extr,100.0,100.0
R00036__cyto,100.0,100.0
R04448__cyto,99.824,99.824
R01618__cyto,100.0,99.684
EX_C01801__extr,100.0,100.0
R02097__cyto,100.0,100.0
TR1000259_CYTMEM__plas,100.0,100.0
R07273__cyto,100.0,100.0
R01776__cyto,100.0,100.0
R09450__cyto,100.0,100.0
R03347__cyto,100.0,100.0
R02371__cyto,100.0,100.0
EX_C00641__extr,100.0,100.0
TR0000877_CYTMEM__plas,100.0,100.0
R03237__cyto,100.0,100.0
R00238__cyto,100.0,100.0
R01001__cyto,100.0,100.0
R00310__cyto,100.0,100.0
TR0000038_CYTMEM__plas,100.0,100.0
R00017__cyto,100.0,100.0
R00908__cyto,100.0,100.0
EX_C00147__extr,100.0,100.0
R04429__cyto,100.0,99.951
R01229__cyto,100.0,100.0
R00253__cyto,100.0,100.0
R03531__cyto,100.0,100.0
TR0000260_CYTMEM__plas,100.0,99.695
EX_C05980__extr,100.0,100.0
R01819__cyto,100.0,100.0
R04881__cyto,100.0,100.0
R00970__cyto,100.0,100.0
R03236__cyto,100.0,100.0
R03083__cyto,100.0,100.0
R06519__cyto,100.0,100.0
R02688__cyto,100.0,100.0
EX_C01290__extr,100.0,100.0
R01055__cyto,100.0,100.0
R04944__cyto,100.0,100.0
T_ADP_MitoCyto_Provisory___plas,100.0,100.0
TR1002611_CYTMEM__plas,100.0,100.0
EX_C06424__extr,100.0,100.0
R03362__cyto,100.0,100.0
R02092__cyto,100.0,100.0
R07168__cyto,100.0,100.0
T_Ammonia_c00014_ExtrCyto__plas,100.0,100.0
R12658__mito,100.0,100.0
EX_C05981__extr,100.0,100.0
R03194__cyto,100.0,100.0
EX_C04058__extr,100.0,100.0
EX_C05809__extr,100.0,100.0
R11100__pero,100.0,100.0
R04880__cyto,100.0,100.0
R00734__cyto,100.0,100.0
TO1000305_CYTMEM__plas,100.0,100.0
TR2900877_CYTMEM__plas,100.0,100.0
R04770__cyto,100.0,100.0
R02747__cyto,100.0,100.0
R12430__cyto,100.0,100.0
R03067__cyto,100.0,100.0
TR0000091_CYTMEM__plas,100.0,100.0
TR1000506_CYTMEM__plas,100.0,100.0
R03628__cyto,100.0,100.0
R01830__cyto,100.0,100.0
R00085__cyto,100.0,100.0
TR0000051_CYTMEM__plas,100.0,100.0
R00251__cyto,100.0,100.0
TR2901174_CYTMEM__plas,100.0,100.0
R12431__cyto,100.0,100.0
R02760__cyto,100.0,100.0
R04445__mito,100.0,100.0
TI2000703_CYTMEM__plas,100.0,100.0
R09844__cyto,100.0,100.0
R07385__cyto,100.0,100.0
TR0013384_CYTMEM__plas,100.0,100.0
R01388__cyto,100.0,100.0
R03459__cyto,100.0,100.0
EX_C00311__extr,100.0,100.0
R08175__pero,100.0,100.0
R01664__cyto,100.0,100.0
TR2901132_CYTMEM__plas,100.0,100.0
R03457__cyto,100.0,100.0
TR2900254_CYTMEM__plas,100.0,100.0
R00519__cyto,100.0,100.0
e_RNA__cyto,100.0,100.0
R02433__cyto,100.0,100.0
R00190__cyto,100.0,100.0
R00530__cyto,100.0,99.684
EX_C00864__extr,100.0,100.0
R00959__cyto,100.0,100.0
R08178__pero,100.0,100.0
R00516__cyto,100.0,100.0
R01041__pero,100.0,99.713
EX_C00751__extr,100.0,100.0
R00691__cyto,100.0,100.0
R01224__cyto,100.0,100.0
R08358__cyto,100.0,100.0
EX_C00037__extr,100.0,100.0
R02529__cyto,100.0,100.0
R00200__cyto,100.0,100.0
T_Chorismate_c00251_MitoCyto__plas,100.0,100.0
EX_C00255__extr,100.0,100.0
TR1000154_CYTMEM__plas,100.0,100.0
R00519__mito,100.0,100.0
R02484__cyto,100.0,100.0
R07495__cyto,100.0,100.0
R08176__pero,100.0,100.0
EX_C00035__extr,100.0,100.0
R04773__cyto,100.0,100.0
R01226__cyto,100.0,100.0
EX_C03323__cyto,100.0,100.0
R07383__cyto,100.0,100.0
EX_C03313__extr,100.0,100.0
EX_C00314__extr,100.0,100.0
TR0000031_CYTMEM__plas,100.0,100.0
R08637__cyto,100.0,100.0
R01278__cyto,100.0,100.0
EX_C05983__extr,100.0,100.0
TR1000448_CYTMEM__plas,100.0,100.0
R03088__e_r_,99.823,100.0
R02095__cyto,100.0,100.0
R02102__cyto,100.0,100.0
R04496__cyto,99.571,100.0
R00192__cyto,100.0,100.0
EX_C00203__extr,100.0,100.0
R02918__cyto,100.0,100.0
R00847__cyto,100.0,100.0
TR2900176_CYTMEM__plas,100.0,100.0
TR1000588_CYTMEM__plas,100.0,100.0
TR0000018_CYTMEM__plas,100.0,100.0
EX_C00475__extr,100.0,100.0
EX_C01241__extr,100.0,100.0
R01497__cyto,100.0,100.0
EX_C00365__extr,100.0,100.0
R04441__mito,100.0,100.0
R03012__cyto,100.0,100.0
R03858__cyto,100.0,100.0
EX_C00267__extr,100.0,100.0
R04961__cyto,100.0,99.951
EX_C00080__extr,100.0,100.0
R03038__cyto,100.0,100.0
R02732__mito,100.0,100.0
EX_C00013__extr,100.0,100.0
R01214__mito,100.0,100.0
R10992__cyto,100.0,100.0
TZ2900029_CYTMEM__plas,100.0,100.0
EX_C00144__extr,100.0,100.0
EX_C00262__extr,100.0,100.0
R05731__mito,99.808,99.808
R04966__cyto,100.0,99.951
R02737__cyto,100.0,100.0
R08558__cyto,100.0,100.0
EX_C02686__extr,100.0,100.0
R02619__cyto,100.0,100.0
R03971__cyto,100.0,100.0
R03989__cyto,100.0,100.0
R10088__mito,100.0,100.0
EX_C00380__extr,100.0,100.0
TO1000009_Pi_c00009_CytoMito__mito,100.0,100.0
TR0002905_CYTMEM__plas,100.0,100.0
T_CoA_c00010_CytoMito__plas,100.0,100.0
R10920__cyto,100.0,100.0
EX_C04712__extr,100.0,100.0
EX_C00415__extr,100.0,100.0
R11323__cyto,100.0,100.0
R03443__cyto,100.0,100.0
R00178__cyto,100.0,100.0
EX_C02960__extr,100.0,100.0
TR0012606_CYTMEM__plas,100.0,100.0
EX_C00259__extr,100.0,100.0
TR0000046_CYTMEM__plas,100.0,100.0
R04285__cyto,100.0,100.0
R02678__cyto,100.0,100.0
R02868__cyto,100.0,100.0
TR1000221_CYTMEM__plas,100.0,100.0
R04889__pero,100.0,100.0
e_DNA__cyto,100.0,100.0
R10088__cyto,100.0,100.0
TR0000068_CYTMEM__plas,100.0,100.0
R03451__mito,100.0,100.0
R07035__cyto,100.0,100.0
EX_C00669__extr,100.0,100.0
R00005__cyto,99.945,99.945
R00160__cyto,100.0,100.0
R03004__cyto,100.0,100.0
R05085__cyto,100.0,100.0
EX_C00072__extr,100.0,100.0
EX_C01672__cyto,100.0,100.0
T_alpha_alpha_Trehalose__plas,100.0,100.0
R01280__pero,100.0,100.0
R01214__cyto,100.0,100.0
R04404__cyto,100.0,100.0
TR1000268_CYTMEM__plas,100.0,100.0
R02957__cyto,100.0,100.0
R03451__cyto,100.0,100.0
R04535__cyto,100.0,99.951
R01126__cyto,99.791,99.791
R02056__cyto,99.884,99.884
R02111__cyto,100.0,100.0
R00943__cyto,100.0,100.0
R07758__cyto,100.0,100.0
EX_C00178__extr,100.0,100.0
TZ2900019_CYTMEM__plas,100.0,100.0
EX_Ferricytochrome__cyto,100.0,100.0
R01624__cyto,100.0,99.951
TR2901077_CYTMEM__plas,100.0,100.0
R00291__cyto,100.0,100.0
TR0009429_CYTMEM__plas,100.0,100.0
EX_C00296__extr,100.0,100.0
EX_C05512__extr,100.0,100.0
R00259__cyto,100.0,100.0
R02019__cyto,100.0,100.0
R01163__cyto,100.0,100.0
TR2901022_CYTMEM__plas,100.0,100.0
R02335__cyto,100.0,100.0
EX_C04248__extr,100.0,100.0
R00570__cyto,100.0,100.0
R03815__mito,100.0,100.0
TR0011735_CYTMEM__plas,100.0,100.0
TI2000430_CYTMEM__plas,100.0,100.0
R01244__cyto,100.0,100.0
R01933__cyto,100.0,100.0
EX_C01189__extr,100.0,100.0
TR0000214_CYTMEM__plas,100.0,100.0
TR0000002_CYTMEM__plas,100.0,100.0
R09827__mito,100.0,100.0
TR2900219_CYTMEM__plas,100.0,100.0
T_L_Valine_c00183_MitoCyto___plas,100.0,100.0
T_O2_c00007_ExtrCyto__plas,100.0,100.0
T_O2_c00007_PeroCyto__plas,100.0,100.0
R06171__cyto,100.0,100.0
R01819__mito,100.0,100.0
EX_C05364__extr,100.0,100.0
EX_C04438__extr,100.0,100.0
EX_C04598__extr,100.0,100.0
R00512__cyto,100.0,100.0
R09827__cyto,100.0,100.0
R00760__cyto,100.0,100.0
R08772__mito,100.0,100.0
EX_C00018__extr,100.0,100.0
R02327__cyto,100.0,100.0
EX_C03046__extr,100.0,100.0
EX_C04501__extr,100.0,100.0
R01598__pero,100.0,99.846
R02767__cyto,100.0,100.0
TR1000210_CYTMEM__plas,100.0,100.0
TR0001297_CYTMEM__plas,100.0,100.0
R02466__cyto,100.0,100.0
R11679__cyto,100.0,100.0
EX_C11556__extr,100.0,100.0
TR0012572_CYTMEM__plas,100.0,100.0
R01184__cyto,100.0,100.0
EX_C00047__extr,100.0,100.0
TO1012844_CYTMEM__plas,100.0,100.0
TO0010516_CYTMEM__plas,100.0,100.0
TR0005718_CYTMEM__plas,100.0,100.0
TR2900218_CYTMEM__plas,100.0,100.0
EX_C04593__extr,100.0,100.0
TO1000104_CYTMEM__plas,100.0,100.0
EX_C00179__extr,100.0,100.0
EX_C04475__extr,100.0,100.0
R08549__mito,100.0,100.0
EX_C00106__extr,100.0,100.0
R04463__cyto,99.925,99.925
R01248__cyto,100.0,100.0
R00174__cyto,100.0,100.0
R03199__cyto,100.0,100.0
R02057__cyto,100.0,100.0
R01528__cyto,100.0,100.0
R02239__cyto,100.0,100.0
EX_C00503__extr,100.0,100.0
R04903__cyto,100.0,100.0
TR2901180_CYTMEM__plas,100.0,100.0
R02115__cyto,100.0,100.0
R00943__mito,100.0,100.0
R00512__mito,100.0,100.0
R04184__cyto,100.0,100.0
R00258__cyto,100.0,100.0
R00829__cyto,100.0,100.0
R03503__cyto,100.0,100.0
R00220__cyto,100.0,100.0
EX_C00009__extr,100.0,100.0
R04888__pero,100.0,100.0
TR0000054_CYTMEM__plas,100.0,100.0
R05779__cyto,99.459,100.0
R03165__cyto,99.648,99.648
R02355__e_r_,99.823,100.0
R04747__cyto,100.0,100.0
R01802__cyto,100.0,100.0
R00004__cyto,100.0,100.0
TR0000239_CYTMEM__plas,100.0,100.0
TO1000311_CYTMEM__plas,99.84,99.84
R03321__cyto,100.0,100.0
R06223__cyto,100.0,100.0
R02239__mito,100.0,100.0
R00224__cyto,100.0,100.0
R03662__cyto,100.0,100.0
TR2900181_CYTMEM__plas,100.0,100.0
TR0000064_CYTMEM__plas,100.0,100.0
R01095__cyto,100.0,100.0
R00161__cyto,100.0,100.0
T__9Z__Octadecanoic_acid_c00712_PeroCyto__plas,100.0,100.0
R12401__cyto,100.0,100.0
R12067__mito,100.0,100.0
R04754__cyto,100.0,100.0
TR0001899_CYTMEM__plas,100.0,100.0
R00479__cyto,100.0,100.0
R00942__cyto,100.0,100.0
TR2900122_CYTMEM__plas,100.0,100.0
R01251__cyto,100.0,100.0
EX_C06186__cyto,100.0,100.0
R04534__cyto,100.0,100.0
TO1000307_CYTMEM__plas,100.0,100.0
R00267__mito,100.0,100.0
EX_C00570__extr,100.0,100.0
R04742__cyto,100.0,100.0
EX_C00350__extr,100.0,100.0
R02018__cyto,100.0,100.0
R04883__pero,100.0,100.0
R11043__cyto,100.0,100.0
T_Citrate_Isocitrate_Antiporter__plas,100.0,100.0
EX_C04036__extr,100.0,100.0
TO1000133_CYTMEM__plas,100.0,100.0
TO1000895_CYTMEM__plas,100.0,100.0
R04965__cyto,100.0,99.951
EX_C00014__extr,100.0,100.0
TR2901030_CYTMEM__plas,100.0,100.0
R10991__cyto,100.0,100.0
R00986__cyto,100.0,100.0
R02740__cyto,100.0,100.0
R01909__cyto,100.0,100.0
T_Ammonia_c00014_CytoMito__mito,100.0,100.0
R08557__cyto,100.0,100.0
EX_C04308__extr,100.0,100.0
TR2900029_CYTMEM__plas,100.0,100.0
R01090__cyto,100.0,100.0
R02301__mito,100.0,100.0
R03004__mito,100.0,100.0
T_CO2_C00011_PeroCyto__plas,100.0,100.0
TR0000242_CYTMEM__plas,100.0,100.0
R00267__cyto,100.0,100.0
EX_C09382__extr,100.0,100.0
R01036__cyto,100.0,100.0
TO0000277_CYTMEM__plas,100.0,100.0
TR0000075_CYTMEM__plas,100.0,100.0
R03816__cyto,100.0,100.0
R10121__cyto,100.0,99.951
TR1000020_CYTMEM__plas,100.0,100.0
T_L_Leucine__plas,100.0,100.0
R01092__cyto,100.0,100.0
R02241__cyto,100.0,100.0
EX_C01595__extr,100.0,100.0
R02021__cyto,100.0,100.0
R08557__mito,100.0,100.0
TO1002679_CYTMEM__plas,100.0,100.0
EX_C00504__extr,100.0,100.0
TR1000082_CYTMEM__plas,100.0,100.0
TR0003560_CYTMEM__plas,100.0,100.0
TR2900162_CYTMEM__plas,100.0,100.0
R00985__cyto,100.0,100.0
TR2900207_CYTMEM__plas,100.0,100.0
R06983__cyto,100.0,100.0
TR0000014_CYTMEM__plas,100.0,100.0
R01468__cyto,100.0,100.0
R04970__cyto,100.0,100.0
R08558__mito,100.0,100.0
R00004__mito,100.0,100.0
EX_C02737__extr,100.0,100.0
R02732__cyto,100.0,100.0
R00707_Cyto__cyto,100.0,100.0
EX_C01537__extr,100.0,100.0
R02300__mito,99.748,99.748
R10993__cyto,100.0,100.0
EX_C02679__extr,100.0,100.0
TZ2900044_CYTMEM__plas,100.0,100.0
TR1000138_CYTMEM__plas,100.0,100.0
R01280__cyto,100.0,100.0
R01968__cyto,100.0,100.0
R05086__cyto,100.0,100.0
TR1001567_CYTMEM__plas,100.0,100.0
R03916__cyto,100.0,100.0
R00137__cyto,100.0,100.0
R03045__cyto,100.0,100.0
R03005__cyto,100.0,100.0
EX_C00073__extr,100.0,100.0
R03664__cyto,100.0,100.0
T_Stearoyl_CoA_c00412_CytoPero__plas,100.0,100.0
R06982__cyto,100.0,100.0
R02613__cyto,100.0,100.0
EX_C00416__extr,100.0,100.0
R01213__cyto,100.0,100.0
R04439__mito,99.748,99.748
TR1000305_CYTMEM__plas,100.0,100.0
EX_C00392__extr,100.0,100.0
R02082__cyto,99.903,100.0
R04405__cyto,99.739,99.739
TR0002799_CYTMEM__plas,100.0,99.695
TI1000381_CYTMEM__plas,100.0,100.0
R03482__cyto,100.0,100.0
EX_C00448__extr,100.0,100.0
R05333__cyto,100.0,100.0
R04780__cyto,100.0,100.0
TR2900215_CYTMEM__plas,100.0,100.0
R02867__cyto,100.0,100.0
R01655__cyto,100.0,100.0
EX_C00137__extr,100.0,100.0
T_Succinate_Fumarate_Antiporter__plas,100.0,100.0
EX_C00130__extr,100.0,100.0
R07937__cyto,100.0,100.0
R01310__cyto,100.0,100.0
R03005__mito,100.0,100.0
R04967__cyto,100.0,100.0
R02736__cyto,100.0,100.0
TO1000330_CYTMEM__plas,100.0,100.0
R00268__mito,100.0,100.0
R00100__mito,100.0,100.0
R01714__cyto,100.0,100.0
TR0015431_CYTMEM__plas,100.0,100.0
R02237__cyto,100.0,100.0
R00722__cyto,100.0,100.0
TO0000412_CYTMEM__plas,100.0,100.0
R05202__cyto,100.0,100.0
TR2900126_CYTMEM__plas,100.0,100.0
T_HistidineResidue_M8424_CytoExtr__plas,100.0,100.0
R00729__cyto,36.386,36.386
TR0000431_CYTMEM__plas,100.0,100.0
R01934__cyto,100.0,100.0
TR1000190_CYTMEM__plas,100.0,100.0
R00416__cyto,100.0,100.0
R00485__cyto,99.742,99.742
R00103__cyto,100.0,100.0
TR0011765_CYTMEM__plas,100.0,100.0
R10117__cyto,100.0,99.951
T_Oleoyl_CoA_c00510_CytoPero__plas,100.0,100.0
R03090__e_r_,99.823,100.0
TR2000056_CYTMEM__plas,61.589,61.589
R03102__cyto,99.929,99.929
TR0016290_CYTMEM__plas,100.0,100.0
R01287__cyto,100.0,100.0
R01470__cyto,100.0,100.0
R10712__cyto,99.824,99.824
TR1001242_CYTMEM__plas,100.0,100.0
EX_C04780__extr,100.0,100.0
R00130__cyto,100.0,100.0
R00100__cyto,100.0,100.0
T_L_Glutamate_c00025_CytoMito__plas,100.0,100.0
R08771__mito,100.0,100.0
EX_C01530__extr,100.0,100.0
T__S__Allantoin__plas,100.0,100.0
EX_C00794__extr,100.0,100.0
R09796__cyto,100.0,100.0
TR2002869_CYTMEM__plas,100.0,100.0
TR0015531_CYTMEM__plas,100.0,100.0
R02144__cyto,99.742,100.0
R04568__cyto,100.0,99.951
R00261__cyto,100.0,100.0
T_Tyrosine_c00082_ExtrCyto__plas,100.0,100.0
R00858__cyto,100.0,100.0
R00762__cyto,100.0,100.0
R01569__cyto,100.0,100.0
R08774__mito,100.0,100.0
EX_C20890__extr,100.0,100.0
R05614__mito,100.0,100.0
EX_C00266__extr,100.0,100.0
R03444__cyto,100.0,100.0
R00885__cyto,100.0,100.0
R05052__cyto,100.0,100.0
R01068__cyto,100.0,100.0
R05553__cyto,100.0,100.0
R00480__cyto,100.0,100.0
TR2900854_CYTMEM__plas,100.0,100.0
TR2900044_CYTMEM__plas,100.0,100.0
EX_C08362__extr,100.0,100.0
R01652__cyto,100.0,100.0
R00724__cyto,100.0,100.0
R01218__mito,100.0,100.0
EX_C00135__extr,100.0,100.0
EX_C01251__extr,100.0,100.0
R01843__cyto,100.0,100.0
R00483__cyto,100.0,100.0
R02053__cyto,100.0,100.0
R00418__cyto,100.0,100.0
EX_C00132__extr,100.0,100.0
R10119__cyto,100.0,100.0
TZ2900052_CYTMEM__plas,100.0,100.0
T_Ethylamine__plas,100.0,100.0
R01845__cyto,100.0,100.0
R04711__mito,100.0,100.0
TR0002496_CYTMEM__plas,100.0,100.0
TR0002885_CYTMEM__plas,100.0,100.0
EX_C00075__extr,100.0,100.0
TR0000497_CYTMEM__plas,100.0,100.0
R03139__cyto,100.0,100.0
R03417__cyto,100.0,100.0
R00103__mito,100.0,100.0
R02332__cyto,100.0,100.0
R00667__cyto,100.0,100.0
TR0000350_CYTMEM__plas,100.0,100.0
R03504__cyto,100.0,100.0
R03857__cyto,100.0,100.0
TR0001157_CYTMEM__plas,100.0,100.0
R01655__mito,100.0,100.0
EX_C06103__extr,100.0,100.0
T_Fumarate_c00122_MitoCyto__plas,100.0,100.0
R00887__cyto,100.0,100.0
R01786__cyto,100.0,100.0
R01127__cyto,100.0,100.0
EX_C00105__extr,100.0,100.0
R01931__cyto,99.716,99.716
R02055__cyto,100.0,100.0
R03260__cyto,100.0,100.0
EX_C01194__extr,100.0,100.0
R04930__cyto,100.0,100.0
EX_C00295__extr,100.0,100.0
EX_C00984__extr,100.0,100.0
TR2000009_CYTMEM__plas,100.0,100.0
R07935__cyto,100.0,100.0
R02331__cyto,100.0,100.0
R00851__cyto,100.0,100.0
R02649__cyto,100.0,100.0
R07280__cyto,100.0,100.0
TZ2900059_CYTMEM__plas,100.0,100.0
R01404__cyto,100.0,100.0
EX_C00322__extr,100.0,100.0
R00009__cyto,100.0,100.0
R01067__cyto,100.0,100.0
R08361__cyto,100.0,100.0
EX_C01904__extr,100.0,100.0
R00351__mito,100.0,100.0
R08181__pero,100.0,100.0
R09944__mito,100.0,100.0
R02422__cyto,100.0,100.0
R03291__cyto,100.0,100.0
EX_C00043__extr,100.0,100.0
R00572__cyto,100.0,100.0
R04378__cyto,100.0,100.0
R01900__mito,100.0,100.0
TR0003178_CYTMEM__plas,100.0,99.695
R01716__cyto,99.868,99.868
R01158__cyto,100.0,100.0
EX_C00101__extr,100.0,100.0
R03509__cyto,100.0,100.0
TI2000074_CYTMEM__plas,100.0,99.923
R04404__mito,100.0,100.0
TR0012514_CYTMEM__plas,100.0,100.0
R00350__cyto,100.0,100.0
R01658__cyto,100.0,100.0
TR1003285_CYTMEM__plas,100.0,100.0
TR0000878_CYTMEM__plas,100.0,100.0
TR2900311_CYTMEM__plas,100.0,100.0
EX_C02336__extr,100.0,100.0
T_Pyruvate_c00022_CytoMito___plas,100.0,100.0
R01061__cyto,100.0,100.0
TR0001431_CYTMEM__plas,100.0,100.0
R00260__cyto,100.0,100.0
T_Ribitol__plas,100.0,100.0
R00571__cyto,100.0,100.0
TR0000268_CYTMEM__plas,100.0,100.0
TR0003396_CYTMEM__plas,100.0,100.0
R02051__cyto,100.0,100.0
R00578__cyto,100.0,100.0
R10092__cyto,100.0,100.0
R11231__cyto,99.929,99.929
R09944__cyto,100.0,100.0
R01216__cyto,100.0,100.0
R09077__cyto,99.79,99.79
R08362__cyto,100.0,100.0
R00351__cyto,100.0,100.0
R00139__cyto,100.0,100.0
R04065__cyto,100.0,100.0
R00267__pero,100.0,100.0
EX_C05993__extr,100.0,100.0
EX_C00577__extr,100.0,100.0
TR0013383_CYTMEM__plas,100.0,100.0
R00299__cyto,100.0,100.0
TR2900177_CYTMEM__plas,100.0,100.0
TR0003641_CYTMEM__plas,100.0,100.0
TZ2900041_CYTMEM__plas,100.0,100.0
R00509__cyto,100.0,100.0
R03947__cyto,100.0,100.0
R05641__cyto,100.0,100.0
EX_C00044__extr,100.0,100.0
TO1009049_CYTMEM__plas,100.0,100.0
R08648__mito,100.0,100.0
R01715__cyto,99.625,99.625
R03508__cyto,100.0,100.0
R04620__cyto,100.0,100.0
TO1000059_CYTMEM__plas,100.0,100.0
EX_C00417__extr,100.0,100.0
R00078__cyto,100.0,100.0
TR0000028_CYTMEM__plas,99.876,99.876
TR0006277_CYTMEM__plas,100.0,100.0
EX_C01190__extr,100.0,100.0
T_L_Arabinose__plas,100.0,100.0
R00357__cyto,100.0,100.0
R01561__cyto,100.0,100.0
TO1000215_CYTMEM__plas,100.0,100.0
R07281__cyto,99.51,99.51
R01281__cyto,100.0,100.0
R11232__cyto,99.929,99.929
R07934__cyto,100.0,100.0
R02147__cyto,100.0,100.0
R01123__cyto,100.0,100.0
R09449__cyto,100.0,100.0
EX_C00797__extr,100.0,100.0
TO0002511_CYTMEM__plas,100.0,100.0
R01939__cyto,100.0,100.0
TO1000277_CYTMEM__plas,99.84,99.84
T_Linoleate_c01595_PeroCyto__plas,100.0,100.0
R08183__pero,100.0,100.0
R01936__cyto,100.0,100.0
R02702__cyto,100.0,100.0
TR0000021_CYTMEM__plas,100.0,100.0
R01878__cyto,100.0,100.0
R00573__cyto,100.0,100.0
R08180__pero,100.0,100.0
EX_C00042__extr,100.0,100.0
TO1000226_CYTMEM__plas,100.0,100.0
TR0012554_CYTMEM__plas,100.0,100.0
EX_C00320__extr,100.0,100.0
TR2900244_CYTMEM__plas,100.0,100.0
R04439__cyto,100.0,100.0
R02864__cyto,100.0,100.0
EX_C01346__extr,100.0,100.0
R04560__cyto,100.0,100.0
R08182__pero,100.0,100.0
R02425__cyto,100.0,100.0
sterol__cyto,100.0,100.0
TO1000048_CYTMEM__plas,100.0,100.0
EX_C01288__extr,100.0,100.0
R10686__cyto,100.0,100.0
R00137__mito,100.0,100.0
R00575__cyto,100.0,100.0
EX_C02112__extr,100.0,100.0
R02865__cyto,100.0,100.0
EX_C00916__extr,100.0,100.0
R01121__cyto,100.0,100.0
R00355__cyto,100.0,100.0
TR2900876_CYTMEM__plas,100.0,100.0
TR0000150_CYTMEM__plas,100.0,100.0
TO1000304_CYTMEM__plas,100.0,100.0
